"file","spp_name","file_binomial","aou","english_common_name","family","genus","species","binomial","old_genus","new_binomial","matched_filename","species_code","overlap","range_excl"
"Ortalis_vetula_22678305.shp","Ortalis_vetula","Ortalis vetula",3110,"Plain Chachalaca","Cracidae","Ortalis","vetula","Ortalis vetula",NA,NA,"Ortalis_vetula",NA,2,0.96078431372549
"Oreortyx_pictus_22679591.shp","Oreortyx_pictus","Oreortyx pictus",2920,"Mountain Quail","Odontophoridae","Oreortyx","pictus","Oreortyx pictus",NA,NA,"Oreortyx_pictus",NA,8,0.794871794871795
"Colinus_virginianus_22728956.shp","Colinus_virginianus","Colinus virginianus",2890,"Northern Bobwhite","Odontophoridae","Colinus","virginianus","Colinus virginianus",NA,NA,"Colinus_virginianus",NA,221,0.488425925925926
"Callipepla_squamata_22679594.shp","Callipepla_squamata","Callipepla squamata",2930,"Scaled Quail","Odontophoridae","Callipepla","squamata","Callipepla squamata",NA,NA,"Callipepla_squamata",NA,19,0.852713178294574
"Callipepla_californica_22679603.shp","Callipepla_californica","Callipepla californica",2940,"California Quail","Odontophoridae","Callipepla","californica","Callipepla californica",NA,NA,"Callipepla_californica",NA,18,0.848739495798319
"Callipepla_gambelii_22679609.shp","Callipepla_gambelii","Callipepla gambelii",2950,"Gambel's Quail","Odontophoridae","Callipepla","gambelii","Callipepla gambelii",NA,NA,"Callipepla_gambelii",NA,5,0.905660377358491
"Cyrtonyx_montezumae_22728212.shp","Cyrtonyx_montezumae","Cyrtonyx montezumae",2960,"Montezuma Quail","Odontophoridae","Cyrtonyx","montezumae","Cyrtonyx montezumae",NA,NA,"Cyrtonyx_montezumae",NA,4,0.938461538461538
"Alectoris_chukar_22678691.shp","Alectoris_chukar","Alectoris chukar",2882,"Chukar","Phasianidae","Alectoris","chukar","Alectoris chukar",NA,NA,"Alectoris_chukar",NA,30,0.978783592644979
"Perdix_perdix_22678911.shp","Perdix_perdix","Perdix perdix",2881,"Gray Partridge","Phasianidae","Perdix","perdix","Perdix perdix",NA,NA,"Perdix_perdix",NA,282,0.877710320901995
"Phasianus_colchicus_45100023.shp","Phasianus_colchicus","Phasianus colchicus",3091,"Ring-necked Pheasant","Phasianidae","Phasianus","colchicus","Phasianus colchicus",NA,NA,"Phasianus_colchicus",NA,154,0.941930618401207
"Pavo_cristatus_22679435.shp","Pavo_cristatus","Pavo cristatus",3095,"Indian Peafowl","Phasianidae","Pavo","cristatus","Pavo cristatus",NA,NA,"Pavo_cristatus",NA,4,0.988269794721408
"Bonasa_umbellus_22679500.shp","Bonasa_umbellus","Bonasa umbellus",3000,"Ruffed Grouse","Phasianidae","Bonasa","umbellus","Bonasa umbellus",NA,NA,"Bonasa_umbellus",NA,138,0.873278236914601
"Centrocercus_urophasianus_22679503.shp","Centrocercus_urophasianus","Centrocercus urophasianus",3090,"Greater Sage-Grouse","Phasianidae","Centrocercus","urophasianus","Centrocercus urophasianus",NA,NA,"Centrocercus_urophasianus",NA,19,0.870748299319728
"Centrocercus_minimus_22728472.shp","Centrocercus_minimus","Centrocercus minimus",3089,"Gunnison Sage-Grouse","Phasianidae","Centrocercus","minimus","Centrocercus minimus",NA,NA,"Centrocercus_minimus",NA,0,1
"Falcipennis_canadensis_61204079.shp","Falcipennis_canadensis","Falcipennis canadensis",2980,"Spruce Grouse","Phasianidae","Falcipennis","canadensis","Falcipennis canadensis",NA,NA,"Falcipennis_canadensis",NA,44,0.976254722072315
"Lagopus_lagopus_22679460.shp","Lagopus_lagopus","Lagopus lagopus",3010,"Willow Ptarmigan","Phasianidae","Lagopus","lagopus","Lagopus lagopus",NA,NA,"Lagopus_lagopus",NA,4,0.999496411935037
"Lagopus_muta_22679464.shp","Lagopus_muta","Lagopus muta",3020,"Rock Ptarmigan","Phasianidae","Lagopus","muta","Lagopus muta",NA,NA,"Lagopus_muta",NA,0,1
"Lagopus_leucura_22679473.shp","Lagopus_leucura","Lagopus leucura",3040,"White-tailed Ptarmigan","Phasianidae","Lagopus","leucura","Lagopus leucura",NA,NA,"Lagopus_leucura",NA,5,0.98134328358209
"Dendragapus_obscurus_22734690.shp","Dendragapus_obscurus","Dendragapus obscurus",2970,"Dusky Grouse","Phasianidae","Dendragapus","obscurus","Dendragapus obscurus",NA,NA,"Dendragapus_obscurus",NA,9,0.95609756097561
"Dendragapus_fuliginosus_22734695.shp","Dendragapus_fuliginosus","Dendragapus fuliginosus",2971,"Sooty Grouse","Phasianidae","Dendragapus","fuliginosus","Dendragapus fuliginosus",NA,NA,"Dendragapus_fuliginosus",NA,7,0.9
"Tympanuchus_phasianellus_22679511.shp","Tympanuchus_phasianellus","Tympanuchus phasianellus",3080,"Sharp-tailed Grouse","Phasianidae","Tympanuchus","phasianellus","Tympanuchus phasianellus",NA,NA,"Tympanuchus_phasianellus",NA,48,0.945080091533181
"Tympanuchus_cupido_22679514.shp","Tympanuchus_cupido","Tympanuchus cupido",3050,"Greater Prairie-Chicken","Phasianidae","Tympanuchus","cupido","Tympanuchus cupido",NA,NA,"Tympanuchus_cupido",NA,19,0.577777777777778
"Tympanuchus_pallidicinctus_22679519.shp","Tympanuchus_pallidicinctus","Tympanuchus pallidicinctus",3070,"Lesser Prairie-Chicken","Phasianidae","Tympanuchus","pallidicinctus","Tympanuchus pallidicinctus",NA,NA,"Tympanuchus_pallidicinctus",NA,1,0.666666666666667
"Meleagris_gallopavo_22679525.shp","Meleagris_gallopavo","Meleagris gallopavo",3100,"Wild Turkey","Phasianidae","Meleagris","gallopavo","Meleagris gallopavo",NA,NA,"Meleagris_gallopavo",NA,596,0.608667104399212
"Columba_livia_22690066.shp","Columba_livia","Columba livia",3131,"Rock Pigeon","Columbidae","Columba","livia","Columba livia",NA,NA,"Columba_livia",NA,0,1
"Patagioenas_leucocephala_22690229.shp","Patagioenas_leucocephala","Patagioenas leucocephala",3140,"White-crowned Pigeon","Columbidae","Patagioenas","leucocephala","Patagioenas leucocephala",NA,NA,"Patagioenas_leucocephala",NA,0,1
"Patagioenas_flavirostris_22690296.shp","Patagioenas_flavirostris","Patagioenas flavirostris",3130,"Red-billed Pigeon","Columbidae","Patagioenas","flavirostris","Patagioenas flavirostris",NA,NA,"Patagioenas_flavirostris",NA,0,1
"Patagioenas_fasciata_22725264.shp","Patagioenas_fasciata","Patagioenas fasciata",3120,"Band-tailed Pigeon","Columbidae","Patagioenas","fasciata","Patagioenas fasciata",NA,NA,"Patagioenas_fasciata",NA,34,0.912144702842377
"Streptopelia_roseogrisea_22690515.shp","Streptopelia_roseogrisea","Streptopelia roseogrisea",3152,"African Collared-Dove (a.k.a. Ringed Turtle-Dove)","Columbidae","Streptopelia","roseogrisea","Streptopelia roseogrisea",NA,NA,"Streptopelia_roseogrisea",NA,0,1
"Streptopelia_decaocto_22727811.shp","Streptopelia_decaocto","Streptopelia decaocto",22860,"Eurasian Collared-Dove","Columbidae","Streptopelia","decaocto","Streptopelia decaocto",NA,NA,"Streptopelia_decaocto",NA,0,1
"Columbina_inca_22690762.shp","Columbina_inca","Columbina inca",3210,"Inca Dove","Columbidae","Columbina","inca","Columbina inca",NA,NA,"Columbina_inca",NA,33,0.869565217391304
"Columbina_passerina_22690774.shp","Columbina_passerina","Columbina passerina",3200,"Common Ground-Dove","Columbidae","Columbina","passerina","Columbina passerina",NA,NA,"Columbina_passerina",NA,39,0.937996820349762
"Columbina_talpacoti_22690784.shp","Columbina_talpacoti","Columbina talpacoti",3201,"Ruddy Ground-Dove","Columbidae","Columbina","talpacoti","Columbina talpacoti",NA,NA,"Columbina_talpacoti",NA,0,1
"Leptotila_verreauxi_22690854.shp","Leptotila_verreauxi","Leptotila verreauxi",3180,"White-tipped Dove","Columbidae","Leptotila","verreauxi","Leptotila verreauxi",NA,NA,"Leptotila_verreauxi",NA,2,0.998472116119175
"Zenaida_asiatica_22733956.shp","Zenaida_asiatica","Zenaida asiatica",3190,"White-winged Dove","Columbidae","Zenaida","asiatica","Zenaida asiatica",NA,NA,"Zenaida_asiatica",NA,48,0.867036011080332
"Zenaida_macroura_22690736.shp","Zenaida_macroura","Zenaida macroura",3160,"Mourning Dove","Columbidae","Zenaida","macroura","Zenaida macroura",NA,NA,"Zenaida_macroura",NA,672,0.680608365019011
"Coccyzus_americanus_22684331.shp","Coccyzus_americanus","Coccyzus americanus",3870,"Yellow-billed Cuckoo","Cuculidae","Coccyzus","americanus","Coccyzus americanus",NA,NA,"Coccyzus_americanus",NA,530,0.493307839388145
"Coccyzus_minor_22684337.shp","Coccyzus_minor","Coccyzus minor",3860,"Mangrove Cuckoo","Cuculidae","Coccyzus","minor","Coccyzus minor",NA,NA,"Coccyzus_minor",NA,1,0.98876404494382
"Coccyzus_erythropthalmus_22684328.shp","Coccyzus_erythropthalmus","Coccyzus erythropthalmus",3880,"Black-billed Cuckoo","Cuculidae","Coccyzus","erythropthalmus","Coccyzus erythropthalmus",NA,NA,"Coccyzus_erythropthalmus",NA,246,0.569176882661997
"Geococcyx_californianus_22684458.shp","Geococcyx_californianus","Geococcyx californianus",3850,"Greater Roadrunner","Cuculidae","Geococcyx","californianus","Geococcyx californianus",NA,NA,"Geococcyx_californianus",NA,67,0.765734265734266
"Crotophaga_ani_22684434.shp","Crotophaga_ani","Crotophaga ani",3830,"Smooth-billed Ani","Cuculidae","Crotophaga","ani","Crotophaga ani",NA,NA,"Crotophaga_ani",NA,4,0.99660152931181
"Crotophaga_sulcirostris_22684438.shp","Crotophaga_sulcirostris","Crotophaga sulcirostris",3840,"Groove-billed Ani","Cuculidae","Crotophaga","sulcirostris","Crotophaga sulcirostris",NA,NA,"Crotophaga_sulcirostris",NA,7,0.984749455337691
"Cypseloides_niger_22686440.shp","Cypseloides_niger","Cypseloides niger",4220,"Black Swift","Apodidae","Cypseloides","niger","Cypseloides niger",NA,NA,"Cypseloides_niger",NA,4,0.972222222222222
"Chaetura_pelagica_22686709.shp","Chaetura_pelagica","Chaetura pelagica",4230,"Chimney Swift","Apodidae","Chaetura","pelagica","Chaetura pelagica",NA,NA,"Chaetura_pelagica",NA,300,0.522292993630573
"Chaetura_vauxi_22733935.shp","Chaetura_vauxi","Chaetura vauxi",4240,"Vaux's Swift","Apodidae","Chaetura","vauxi","Chaetura vauxi",NA,NA,"Chaetura_vauxi",NA,17,0.948328267477204
"Aeronautes_saxatalis_22686733.shp","Aeronautes_saxatalis","Aeronautes saxatalis",4250,"White-throated Swift","Apodidae","Aeronautes","saxatalis","Aeronautes saxatalis",NA,NA,"Aeronautes_saxatalis",NA,39,0.93719806763285
"Eugenes_fulgens_22687746.shp","Eugenes_fulgens","Eugenes fulgens",4260,"Magnificent Hummingbird","Trochilidae","Eugenes","fulgens","Eugenes fulgens",NA,NA,"Eugenes_fulgens",NA,14,0.915151515151515
"Lampornis_clemenciae_22687664.shp","Lampornis_clemenciae","Lampornis clemenciae",4270,"Blue-throated Hummingbird","Trochilidae","Lampornis","clemenciae","Lampornis clemenciae",NA,NA,"Lampornis_clemenciae",NA,2,0.977272727272727
"Calothorax_lucifer_22688185.shp","Calothorax_lucifer","Calothorax lucifer",4370,"Lucifer Hummingbird","Trochilidae","Calothorax","lucifer","Calothorax lucifer",NA,NA,"Calothorax_lucifer",NA,4,0.95
"Archilochus_colubris_22688193.shp","Archilochus_colubris","Archilochus colubris",4280,"Ruby-throated Hummingbird","Trochilidae","Archilochus","colubris","Archilochus colubris",NA,NA,"Archilochus_colubris",NA,264,0.513812154696133
"Empidonax_hammondii_22699857.shp","Empidonax_hammondii","Empidonax hammondii",4680,"Hammond's Flycatcher","Tyrannidae","Empidonax","hammondii","Empidonax hammondii",NA,NA,"Empidonax_hammondii",NA,27,0.926027397260274
"Empidonax_wrightii_22699860.shp","Empidonax_wrightii","Empidonax wrightii",4691,"Gray Flycatcher","Tyrannidae","Empidonax","wrightii","Empidonax wrightii",NA,NA,"Empidonax_wrightii",NA,11,0.906779661016949
"Empidonax_oberholseri_22699864.shp","Empidonax_oberholseri","Empidonax oberholseri",4690,"Dusky Flycatcher","Tyrannidae","Empidonax","oberholseri","Empidonax oberholseri",NA,NA,"Empidonax_oberholseri",NA,32,0.895081967213115
"Empidonax_difficilis_22699871.shp","Empidonax_difficilis","Empidonax difficilis",4641,"Pacific-slope Flycatcher","Tyrannidae","Empidonax","difficilis","Empidonax difficilis",NA,NA,"Empidonax_difficilis",NA,10,0.906542056074766
"Empidonax_occidentalis_22699874.shp","Empidonax_occidentalis","Empidonax occidentalis",4640,"Cordilleran Flycatcher","Tyrannidae","Empidonax","occidentalis","Empidonax occidentalis",NA,NA,"Empidonax_occidentalis",NA,110,0.900271985494107
"Empidonax_fulvifrons_22699880.shp","Empidonax_fulvifrons","Empidonax fulvifrons",4700,"Buff-breasted Flycatcher","Tyrannidae","Empidonax","fulvifrons","Empidonax fulvifrons",NA,NA,"Empidonax_fulvifrons",NA,3,0.958904109589041
"Sayornis_nigricans_22699892.shp","Sayornis_nigricans","Sayornis nigricans",4580,"Black Phoebe","Tyrannidae","Sayornis","nigricans","Sayornis nigricans",NA,NA,"Sayornis_nigricans",NA,59,0.967986977753662
"Sayornis_phoebe_22699886.shp","Sayornis_phoebe","Sayornis phoebe",4560,"Eastern Phoebe","Tyrannidae","Sayornis","phoebe","Sayornis phoebe",NA,NA,"Sayornis_phoebe",NA,467,0.678596008258775
"Sayornis_saya_22699889.shp","Sayornis_saya","Sayornis saya",4570,"Say's Phoebe","Tyrannidae","Sayornis","saya","Sayornis saya",NA,NA,"Sayornis_saya",NA,75,0.930619796484736
"Pyrocephalus_rubinus_22699895.shp","Pyrocephalus_rubinus","Pyrocephalus rubinus",4710,"Vermilion Flycatcher","Tyrannidae","Pyrocephalus","rubinus","Pyrocephalus rubinus",NA,NA,"Pyrocephalus_rubinus",NA,20,0.971139971139971
"Myiarchus_tuberculifer_22700399.shp","Myiarchus_tuberculifer","Myiarchus tuberculifer",4550,"Dusky-capped Flycatcher","Tyrannidae","Myiarchus","tuberculifer","Myiarchus tuberculifer",NA,NA,"Myiarchus_tuberculifer",NA,9,0.997927699746719
"Myiarchus_cinerascens_22700427.shp","Myiarchus_cinerascens","Myiarchus cinerascens",4540,"Ash-throated Flycatcher","Tyrannidae","Myiarchus","cinerascens","Myiarchus cinerascens",NA,NA,"Myiarchus_cinerascens",NA,47,0.873315363881402
"Myiarchus_crinitus_22700433.shp","Myiarchus_crinitus","Myiarchus crinitus",4520,"Great Crested Flycatcher","Tyrannidae","Myiarchus","crinitus","Myiarchus crinitus",NA,NA,"Myiarchus_crinitus",NA,281,0.491862567811935
"Myiarchus_tyrannulus_22700436.shp","Myiarchus_tyrannulus","Myiarchus tyrannulus",4530,"Brown-crested Flycatcher","Tyrannidae","Myiarchus","tyrannulus","Myiarchus tyrannulus",NA,NA,"Myiarchus_tyrannulus",NA,31,0.994768815389808
"Pitangus_sulphuratus_22700605.shp","Pitangus_sulphuratus","Pitangus sulphuratus",4490,"Great Kiskadee","Tyrannidae","Pitangus","sulphuratus","Pitangus sulphuratus",NA,NA,"Pitangus_sulphuratus",NA,2,0.998544395924309
"Myiodynastes_luteiventris_22700580.shp","Myiodynastes_luteiventris","Myiodynastes luteiventris",4510,"Sulphur-bellied Flycatcher","Tyrannidae","Myiodynastes","luteiventris","Myiodynastes luteiventris",NA,NA,"Myiodynastes_luteiventris",NA,2,0.991071428571429
"Tyrannus_melancholicus_22700485.shp","Tyrannus_melancholicus","Tyrannus melancholicus",4460,"Tropical Kingbird","Tyrannidae","Tyrannus","melancholicus","Tyrannus melancholicus",NA,NA,"Tyrannus_melancholicus",NA,1,0.999620493358634
"Tyrannus_couchii_22700488.shp","Tyrannus_couchii","Tyrannus couchii",4461,"Couch's Kingbird","Tyrannidae","Tyrannus","couchii","Tyrannus couchii",NA,NA,"Tyrannus_couchii",NA,10,0.814814814814815
"Tyrannus_vociferans_22700491.shp","Tyrannus_vociferans","Tyrannus vociferans",4480,"Cassin's Kingbird","Tyrannidae","Tyrannus","vociferans","Tyrannus vociferans",NA,NA,"Tyrannus_vociferans",NA,25,0.932249322493225
"Tyrannus_crassirostris_22700494.shp","Tyrannus_crassirostris","Tyrannus crassirostris",4451,"Thick-billed Kingbird","Tyrannidae","Tyrannus","crassirostris","Tyrannus crassirostris",NA,NA,"Tyrannus_crassirostris",NA,2,0.974683544303797
"Tyrannus_verticalis_22700497.shp","Tyrannus_verticalis","Tyrannus verticalis",4470,"Western Kingbird","Tyrannidae","Tyrannus","verticalis","Tyrannus verticalis",NA,NA,"Tyrannus_verticalis",NA,103,0.811009174311927
"Tyrannus_tyrannus_22700506.shp","Tyrannus_tyrannus","Tyrannus tyrannus",4440,"Eastern Kingbird","Tyrannidae","Tyrannus","tyrannus","Tyrannus tyrannus",NA,NA,"Tyrannus_tyrannus",NA,320,0.700654817586529
"Tyrannus_dominicensis_22700509.shp","Tyrannus_dominicensis","Tyrannus dominicensis",4450,"Gray Kingbird","Tyrannidae","Tyrannus","dominicensis","Tyrannus dominicensis",NA,NA,"Tyrannus_dominicensis",NA,5,0.98015873015873
"Tyrannus_forficatus_22700500.shp","Tyrannus_forficatus","Tyrannus forficatus",4430,"Scissor-tailed Flycatcher","Tyrannidae","Tyrannus","forficatus","Tyrannus forficatus",NA,NA,"Tyrannus_forficatus",NA,69,0.507142857142857
"Tyrannus_savana_22700503.shp","Tyrannus_savana","Tyrannus savana",4420,"Fork-tailed Flycatcher","Tyrannidae","Tyrannus","savana","Tyrannus savana",NA,NA,"Tyrannus_savana",NA,0,1
"Lanius_ludovicianus_22705042.shp","Lanius_ludovicianus","Lanius ludovicianus",6220,"Loggerhead Shrike","Laniidae","Lanius","ludovicianus","Lanius ludovicianus",NA,NA,"Lanius_ludovicianus",NA,442,0.692628650904033
"Lanius_excubitor_22730627.shp","Lanius_excubitor","Lanius excubitor",6210,"Northern Shrike","Laniidae","Lanius","excubitor","Lanius excubitor",NA,NA,"Lanius_excubitor",NA,0,1
"Vireo_atricapilla_22705159.shp","Vireo_atricapilla","Vireo atricapilla",6300,"Black-capped Vireo","Vireonidae","Vireo","atricapilla","Vireo atricapilla",NA,NA,"Vireo_atricapilla",NA,12,0.538461538461538
"Vireo_griseus_22705188.shp","Vireo_griseus","Vireo griseus",6310,"White-eyed Vireo","Vireonidae","Vireo","griseus","Vireo griseus",NA,NA,"Vireo_griseus",NA,535,0.365361803084223
"Vireo_bellii_22705156.shp","Vireo_bellii","Vireo bellii",6330,"Bell's Vireo","Vireonidae","Vireo","bellii","Vireo bellii",NA,NA,"Vireo_bellii",NA,215,0.599627560521415
"Vireo_vicinior_22705209.shp","Vireo_vicinior","Vireo vicinior",6340,"Gray Vireo","Vireonidae","Vireo","vicinior","Vireo vicinior",NA,NA,"Vireo_vicinior",NA,5,0.909090909090909
"Vireo_huttoni_22705182.shp","Vireo_huttoni","Vireo huttoni",6320,"Hutton's Vireo","Vireonidae","Vireo","huttoni","Vireo huttoni",NA,NA,"Vireo_huttoni",NA,9,0.923728813559322
"Vireo_flavifrons_22705237.shp","Vireo_flavifrons","Vireo flavifrons",6280,"Yellow-throated Vireo","Vireonidae","Vireo","flavifrons","Vireo flavifrons",NA,NA,"Vireo_flavifrons",NA,217,0.336391437308869
"Vireo_cassinii_22705231.shp","Vireo_cassinii","Vireo cassinii",6291,"Cassin's Vireo","Vireonidae","Vireo","cassinii","Vireo cassinii",NA,NA,"Vireo_cassinii",NA,20,0.933774834437086
"Vireo_solitarius_22705234.shp","Vireo_solitarius","Vireo solitarius",6290,"Blue-headed Vireo","Vireonidae","Vireo","solitarius","Vireo solitarius",NA,NA,"Vireo_solitarius",NA,60,0.861431870669746
"Vireo_plumbeus_22705228.shp","Vireo_plumbeus","Vireo plumbeus",6292,"Plumbeous Vireo","Vireonidae","Vireo","plumbeus","Vireo plumbeus",NA,NA,"Vireo_plumbeus",NA,32,0.854545454545454
"Vireo_philadelphicus_22705240.shp","Vireo_philadelphicus","Vireo philadelphicus",6260,"Philadelphia Vireo","Vireonidae","Vireo","philadelphicus","Vireo philadelphicus",NA,NA,"Vireo_philadelphicus",NA,24,0.932773109243697
"Vireo_gilvus_22735122.shp","Vireo_gilvus","Vireo gilvus",6270,"Warbling Vireo","Vireonidae","Vireo","gilvus","Vireo gilvus",NA,NA,"Vireo_gilvus",NA,283,0.720907297830375
"Vireo_olivaceus_22705243.shp","Vireo_olivaceus","Vireo olivaceus",6240,"Red-eyed Vireo","Vireonidae","Vireo","olivaceus","Vireo olivaceus",NA,NA,"Vireo_olivaceus",NA,652,0.749519784863619
"Vireo_altiloquus_22705254.shp","Vireo_altiloquus","Vireo altiloquus",6230,"Black-whiskered Vireo","Vireonidae","Vireo","altiloquus","Vireo altiloquus",NA,NA,"Vireo_altiloquus",NA,0,1
"Perisoreus_canadensis_22705783.shp","Perisoreus_canadensis","Perisoreus canadensis",4840,"Gray Jay","Corvidae","Perisoreus","canadensis","Perisoreus canadensis",NA,NA,"Perisoreus_canadensis",NA,39,0.981222917669716
"Cyanocorax_yncas_22705738.shp","Cyanocorax_yncas","Cyanocorax yncas",4830,"Green Jay","Corvidae","Cyanocorax","yncas","Cyanocorax yncas",NA,NA,"Cyanocorax_yncas",NA,4,0.972602739726027
"Gymnorhinus_cyanocephalus_22705608.shp","Gymnorhinus_cyanocephalus","Gymnorhinus cyanocephalus",4920,"Pinyon Jay","Corvidae","Gymnorhinus","cyanocephalus","Gymnorhinus cyanocephalus",NA,NA,"Gymnorhinus_cyanocephalus",NA,16,0.880597014925373
"Cyanocitta_stelleri_22705614.shp","Cyanocitta_stelleri","Cyanocitta stelleri",4780,"Steller's Jay","Corvidae","Cyanocitta","stelleri","Cyanocitta stelleri",NA,NA,"Cyanocitta_stelleri",NA,33,0.914285714285714
"Cyanocitta_cristata_22705611.shp","Cyanocitta_cristata","Cyanocitta cristata",4770,"Blue Jay","Corvidae","Cyanocitta","cristata","Cyanocitta cristata",NA,NA,"Cyanocitta_cristata",NA,312,0.665236051502146
"Aphelocoma_coerulescens_22705629.shp","Aphelocoma_coerulescens","Aphelocoma coerulescens",4790,"Florida Scrub-Jay","Corvidae","Aphelocoma","coerulescens","Aphelocoma coerulescens",NA,NA,"Aphelocoma_coerulescens",NA,1,0
"Aphelocoma_insularis_22705617.shp","Aphelocoma_insularis","Aphelocoma insularis",4811,"Island Scrub-Jay","Corvidae","Aphelocoma","insularis","Aphelocoma insularis",NA,NA,"Aphelocoma_insularis",NA,0,NA
"Aphelocoma_californica_22705623.shp","Aphelocoma_californica","Aphelocoma californica",4812,"California Scrub-Jay","Corvidae","Aphelocoma","californica","Aphelocoma californica",NA,NA,"Aphelocoma_californica",NA,25,0.892241379310345
"Aphelocoma_wollweberi_22724967.shp","Aphelocoma_wollweberi","Aphelocoma wollweberi",4820,"Mexican Jay","Corvidae","Aphelocoma","wollweberi","Aphelocoma wollweberi",NA,NA,"Aphelocoma_wollweberi",NA,3,0.936170212765957
"Nucifraga_columbiana_22705909.shp","Nucifraga_columbiana","Nucifraga columbiana",4910,"Clark's Nutcracker","Corvidae","Nucifraga","columbiana","Nucifraga columbiana",NA,NA,"Nucifraga_columbiana",NA,29,0.886274509803922
"Pica_nuttalli_22705874.shp","Pica_nuttalli","Pica nuttalli",4760,"Yellow-billed Magpie","Corvidae","Pica","nuttalli","Pica nuttalli",NA,NA,"Pica_nuttalli","yebmag",1,0.857142857142857
"Corvus_brachyrhynchos_22705990.shp","Corvus_brachyrhynchos","Corvus brachyrhynchos",4880,"American Crow","Corvidae","Corvus","brachyrhynchos","Corvus brachyrhynchos",NA,NA,"Corvus_brachyrhynchos","amecro",631,0.692044899951196
"Corvus_caurinus_22705986.shp","Corvus_caurinus","Corvus caurinus",4890,"Northwestern Crow","Corvidae","Corvus","caurinus","Corvus caurinus",NA,NA,"Corvus_caurinus","norcro",3,0.947368421052632
"Corvus_ossifragus_22705993.shp","Corvus_ossifragus","Corvus ossifragus",4900,"Fish Crow","Corvidae","Corvus","ossifragus","Corvus ossifragus",NA,NA,"Corvus_ossifragus","fiscro",62,0.36734693877551
"Corvus_cryptoleucus_22706055.shp","Corvus_cryptoleucus","Corvus cryptoleucus",4870,"Chihuahuan Raven","Corvidae","Corvus","cryptoleucus","Corvus cryptoleucus",NA,NA,"Corvus_cryptoleucus","chirav",30,0.868421052631579
"Corvus_corax_22706068.shp","Corvus_corax","Corvus corax",4860,"Common Raven","Corvidae","Corvus","corax","Corvus corax",NA,NA,"Corvus_corax","comrav",282,0.983773519765234
"Eremophila_alpestris_22717434.shp","Eremophila_alpestris","Eremophila alpestris",4740,"Horned Lark","Alaudidae","Eremophila","alpestris","Eremophila alpestris",NA,NA,"Eremophila_alpestris","horlar",878,0.918317983068192
"Progne_subis_22712098.shp","Progne_subis","Progne subis",6110,"Purple Martin","Hirundinidae","Progne","subis","Progne subis",NA,NA,"Progne_subis","purmar",279,0.542622950819672
"Tachycineta_bicolor_22712057.shp","Tachycineta_bicolor","Tachycineta bicolor",6140,"Tree Swallow","Hirundinidae","Tachycineta","bicolor","Tachycineta bicolor",NA,NA,"Tachycineta_bicolor","treswa",238,0.850314465408805
"Tachycineta_thalassina_22712077.shp","Tachycineta_thalassina","Tachycineta thalassina",6150,"Violet-green Swallow","Hirundinidae","Tachycineta","thalassina","Tachycineta thalassina",NA,NA,"Tachycineta_thalassina","vigswa",255,0.927495024168325
"Stelgidopteryx_serripennis_22735128.shp","Stelgidopteryx_serripennis","Stelgidopteryx serripennis",6170,"Northern Rough-winged Swallow","Hirundinidae","Stelgidopteryx","serripennis","Stelgidopteryx serripennis",NA,NA,"Stelgidopteryx_serripennis","nrwswa",344,0.701388888888889
"Riparia_riparia_22712176.shp","Riparia_riparia","Riparia riparia",6160,"Bank Swallow","Hirundinidae","Riparia","riparia","Riparia riparia",NA,NA,"Riparia_riparia","banswa",420,0.935897435897436
"Petrochelidon_pyrrhonota_22712427.shp","Petrochelidon_pyrrhonota","Petrochelidon pyrrhonota",6120,"Cliff Swallow","Hirundinidae","Petrochelidon","pyrrhonota","Petrochelidon pyrrhonota",NA,NA,"Petrochelidon_pyrrhonota","cliswa",267,0.81560773480663
"Petrochelidon_fulva_22712435.shp","Petrochelidon_fulva","Petrochelidon fulva",6121,"Cave Swallow","Hirundinidae","Petrochelidon","fulva","Petrochelidon fulva",NA,NA,"Petrochelidon_fulva","cavswa",20,0.925373134328358
"Hirundo_rustica_22712252.shp","Hirundo_rustica","Hirundo rustica",6130,"Barn Swallow","Hirundinidae","Hirundo","rustica","Hirundo rustica",NA,NA,"Hirundo_rustica","barswa",1392,0.910158771137214
"Parus_carolinensis_22711708.shp","Parus_carolinensis","Parus carolinensis",7360,"Carolina Chickadee","Paridae","Poecile","carolinensis","Poecile carolinensis","Parus","Parus carolinensis","Parus_carolinensis","carchi",144,0.365638766519824
"Parus_atricapillus_22711716.shp","Parus_atricapillus","Parus atricapillus",7350,"Black-capped Chickadee","Paridae","Poecile","atricapillus","Poecile atricapillus","Parus","Parus atricapillus","Parus_atricapillus","bkcchi",204,0.820580474934037
"Parus_gambeli_22711724.shp","Parus_gambeli","Parus gambeli",7380,"Mountain Chickadee","Paridae","Poecile","gambeli","Poecile gambeli","Parus","Parus gambeli","Parus_gambeli","mouchi",30,0.902912621359223
"Parus_sclateri_22711732.shp","Parus_sclateri","Parus sclateri",7370,"Mexican Chickadee","Paridae","Poecile","sclateri","Poecile sclateri","Parus","Parus sclateri","Parus_sclateri","mexchi",2,0.91304347826087
"Parus_rufescens_22711767.shp","Parus_rufescens","Parus rufescens",7410,"Chestnut-backed Chickadee","Paridae","Poecile","rufescens","Poecile rufescens","Parus","Parus rufescens","Parus_rufescens","chbchi",12,0.892857142857143
"Parus_hudsonicus_22711759.shp","Parus_hudsonicus","Parus hudsonicus",7400,"Boreal Chickadee","Paridae","Poecile","hudsonicus","Poecile hudsonicus","Parus","Parus hudsonicus","Parus_hudsonicus","borchi2",20,0.981412639405205
"Baeolophus_wollweberi_22711969.shp","Baeolophus_wollweberi","Baeolophus wollweberi",7340,"Bridled Titmouse","Paridae","Baeolophus","wollweberi","Baeolophus wollweberi",NA,NA,"Baeolophus_wollweberi","britit",2,0.958333333333333
"Baeolophus_inornatus_22711978.shp","Baeolophus_inornatus","Baeolophus inornatus",7330,"Oak Titmouse","Paridae","Baeolophus","inornatus","Baeolophus inornatus",NA,NA,"Baeolophus_inornatus","oaktit",2,0.888888888888889
"Baeolophus_ridgwayi_22729143.shp","Baeolophus_ridgwayi","Baeolophus ridgwayi",7331,"Juniper Titmouse","Paridae","Baeolophus","ridgwayi","Baeolophus ridgwayi",NA,NA,"Baeolophus_ridgwayi","juntit1",10,0.910714285714286
"Baeolophus_bicolor_22711983.shp","Baeolophus_bicolor","Baeolophus bicolor",7310,"Tufted Titmouse","Paridae","Baeolophus","bicolor","Baeolophus bicolor",NA,NA,"Baeolophus_bicolor","tuftit",203,0.325581395348837
"Baeolophus_atricristatus_22711989.shp","Baeolophus_atricristatus","Baeolophus atricristatus",7320,"Black-crested Titmouse","Paridae","Baeolophus","atricristatus","Baeolophus atricristatus",NA,NA,"Baeolophus_atricristatus","blctit4",15,0.765625
"Auriparus_flaviceps_22711568.shp","Auriparus_flaviceps","Auriparus flaviceps",7460,"Verdin","Remizidae","Auriparus","flaviceps","Auriparus flaviceps",NA,NA,"Auriparus_flaviceps","verdin",22,0.866666666666667
"Psaltriparus_minimus_22712028.shp","Psaltriparus_minimus","Psaltriparus minimus",7430,"Bushtit","Aegithalidae","Psaltriparus","minimus","Psaltriparus minimus",NA,NA,"Psaltriparus_minimus","bushti",28,0.893536121673004
"Sitta_canadensis_22711196.shp","Sitta_canadensis","Sitta canadensis",7280,"Red-breasted Nuthatch","Sittidae","Sitta","canadensis","Sitta canadensis",NA,NA,"Sitta_canadensis","rebnut",105,0.888178913738019
"Sitta_carolinensis_22711202.shp","Sitta_carolinensis","Sitta carolinensis",7270,"White-breasted Nuthatch","Sittidae","Sitta","carolinensis","Sitta carolinensis",NA,NA,"Sitta_carolinensis","whbnut",958,0.662081128747795
"Sitta_pygmaea_22711170.shp","Sitta_pygmaea","Sitta pygmaea",7300,"Pygmy Nuthatch","Sittidae","Sitta","pygmaea","Sitta pygmaea",NA,NA,"Sitta_pygmaea","pygnut",55,0.909539473684211
"Sitta_pusilla_22711173.shp","Sitta_pusilla","Sitta pusilla",7290,"Brown-headed Nuthatch","Sittidae","Sitta","pusilla","Sitta pusilla",NA,NA,"Sitta_pusilla","bnhnut",56,0.397849462365591
"Certhia_americana_22711244.shp","Certhia_americana","Certhia americana",7260,"Brown Creeper","Certhiidae","Certhia","americana","Certhia americana",NA,NA,"Certhia_americana","brncre",104,0.863337713534823
"Salpinctes_obsoletus_22711332.shp","Salpinctes_obsoletus","Salpinctes obsoletus",7150,"Rock Wren","Troglodytidae","Salpinctes","obsoletus","Salpinctes obsoletus",NA,NA,"Salpinctes_obsoletus","rocwre",117,0.859036144578313
"Catherpes_mexicanus_22711335.shp","Catherpes_mexicanus","Catherpes mexicanus",7170,"Canyon Wren","Troglodytidae","Catherpes","mexicanus","Catherpes mexicanus",NA,NA,"Catherpes_mexicanus","canwre",47,0.891203703703704
"Troglodytes_aedon_22711487.shp","Troglodytes_aedon","Troglodytes aedon",7210,"House Wren","Troglodytidae","Troglodytes","aedon","Troglodytes aedon",NA,NA,"Troglodytes_aedon","houwre",486,0.843980738362761
"Troglodytes_pacificus_22714246.shp","Troglodytes_pacificus","Troglodytes pacificus",7221,"Pacific Wren","Troglodytidae","Troglodytes","pacificus","Troglodytes pacificus",NA,NA,"Troglodytes_pacificus","pacwre1",29,0.923684210526316
"Troglodytes_hiemalis_22714246.shp","Troglodytes_hiemalis","Troglodytes hiemalis",7222,"Winter Wren","Troglodytidae","Troglodytes","hiemalis","Troglodytes hiemalis",NA,NA,"Troglodytes_hiemalis","winwre3",86,0.807606263982103
"Cistothorus_platensis_22711360.shp","Cistothorus_platensis","Cistothorus platensis",7240,"Sedge Wren","Troglodytidae","Cistothorus","platensis","Cistothorus platensis",NA,NA,"Cistothorus_platensis","sedwre",88,0.923144104803493
"Cistothorus_palustris_22711374.shp","Cistothorus_palustris","Cistothorus palustris",7250,"Marsh Wren","Troglodytidae","Cistothorus","palustris","Cistothorus palustris",NA,NA,"Cistothorus_palustris","marwre",303,0.69050051072523
"Thryothorus_ludovicianus_22711450.shp","Thryothorus_ludovicianus","Thryothorus ludovicianus",7180,"Carolina Wren","Troglodytidae","Thryothorus","ludovicianus","Thryothorus ludovicianus",NA,NA,"Thryothorus_ludovicianus","carwre",191,0.395569620253165
"Thryomanes_bewickii_22711377.shp","Thryomanes_bewickii","Thryomanes bewickii",7190,"Bewick's Wren","Troglodytidae","Thryomanes","bewickii","Thryomanes bewickii",NA,NA,"Thryomanes_bewickii","bewwre",86,0.747800586510264
"Campylorhynchus_brunneicapillus_22711287.shp","Campylorhynchus_brunneicapillus","Campylorhynchus brunneicapillus",7130,"Cactus Wren","Troglodytidae","Campylorhynchus","brunneicapillus","Campylorhynchus brunneicapillus",NA,NA,"Campylorhynchus_brunneicapillus","cacwre",24,0.862857142857143
"Thryothorus_sinaloa_22711461.shp","Thryothorus_sinaloa","Thryothorus sinaloa",16600,"Sinaloa Wren","Troglodytidae","Thryophilus","sinaloa","Thryophilus sinaloa","Thryothorus","Thryothorus sinaloa","Thryothorus_sinaloa",NA,0,1
"Polioptila_caerulea_22711581.shp","Polioptila_caerulea","Polioptila caerulea",7510,"Blue-gray Gnatcatcher","Polioptilidae","Polioptila","caerulea","Polioptila caerulea",NA,NA,"Polioptila_caerulea","buggna",276,0.678696158323632
"Polioptila_californica_22711585.shp","Polioptila_californica","Polioptila californica",7530,"California Gnatcatcher","Polioptilidae","Polioptila","californica","Polioptila californica",NA,NA,"Polioptila_californica","calgna",0,1
"Polioptila_melanura_22711588.shp","Polioptila_melanura","Polioptila melanura",7520,"Black-tailed Gnatcatcher","Polioptilidae","Polioptila","melanura","Polioptila melanura",NA,NA,"Polioptila_melanura","bktgna",7,0.933962264150943
"Regulus_satrapa_22712594.shp","Regulus_satrapa","Regulus satrapa",7480,"Golden-crowned Kinglet","Regulidae","Regulus","satrapa","Regulus satrapa",NA,NA,"Regulus_satrapa","gockin",101,0.919329073482428
"Regulus_calendula_22712567.shp","Regulus_calendula","Regulus calendula",7490,"Ruby-crowned Kinglet","Regulidae","Regulus","calendula","Regulus calendula",NA,NA,"Regulus_calendula","ruckin",72,0.948497854077253
"Chamaea_fasciata_22716861.shp","Chamaea_fasciata","Chamaea fasciata",7420,"Wrentit","Sylviidae","Chamaea","fasciata","Chamaea fasciata",NA,NA,"Chamaea_fasciata","wrenti",5,0.807692307692308
"Luscinia_svecica_22709707.shp","Luscinia_svecica","Luscinia svecica",7640,"Bluethroat","Muscicapidae","Luscinia","svecica","Luscinia svecica",NA,NA,"Luscinia_svecica","blueth",0,1
"Oenanthe_oenanthe_22710272.shp","Oenanthe_oenanthe","Oenanthe oenanthe",7650,"Northern Wheatear","Muscicapidae","Oenanthe","oenanthe","Oenanthe oenanthe",NA,NA,"Oenanthe_oenanthe","norwhe",0,1
"Sialia_sialis_22708550.shp","Sialia_sialis","Sialia sialis",7660,"Eastern Bluebird","Turdidae","Sialia","sialis","Sialia sialis",NA,NA,"Sialia_sialis","easblu",413,0.518648018648019
"Sialia_mexicana_22708553.shp","Sialia_mexicana","Sialia mexicana",7670,"Western Bluebird","Turdidae","Sialia","mexicana","Sialia mexicana",NA,NA,"Sialia_mexicana","wesblu",74,0.889880952380952
"Sialia_currucoides_22708556.shp","Sialia_currucoides","Sialia currucoides",7680,"Mountain Bluebird","Turdidae","Sialia","currucoides","Sialia currucoides",NA,NA,"Sialia_currucoides","moublu",55,0.916540212443096
"Myadestes_townsendi_22708587.shp","Myadestes_townsendi","Myadestes townsendi",7540,"Townsend's Solitaire","Turdidae","Myadestes","townsendi","Myadestes townsendi",NA,NA,"Myadestes_townsendi","towsol",52,0.924308588064047
"Catharus_fuscescens_22708655.shp","Catharus_fuscescens","Catharus fuscescens",7560,"Veery","Turdidae","Catharus","fuscescens","Catharus fuscescens",NA,NA,"Catharus_fuscescens","veery",210,0.761363636363636
"Catharus_minimus_22708658.shp","Catharus_minimus","Catharus minimus",7570,"Gray-cheeked Thrush","Turdidae","Catharus","minimus","Catharus minimus",NA,NA,"Catharus_minimus","gycthr",0,1
"Catharus_bicknelli_22728467.shp","Catharus_bicknelli","Catharus bicknelli",7571,"Bicknell's Thrush","Turdidae","Catharus","bicknelli","Catharus bicknelli",NA,NA,"Catharus_bicknelli","bicthr",1,0.857142857142857
"Catharus_ustulatus_22708664.shp","Catharus_ustulatus","Catharus ustulatus",7580,"Swainson's Thrush","Turdidae","Catharus","ustulatus","Catharus ustulatus",NA,NA,"Catharus_ustulatus","swathr",101,0.952847805788982
"Catharus_guttatus_22708667.shp","Catharus_guttatus","Catharus guttatus",7590,"Hermit Thrush","Turdidae","Catharus","guttatus","Catharus guttatus",NA,NA,"Catharus_guttatus","herthr",190,0.914529914529915
"Hylocichla_mustelina_22708670.shp","Hylocichla_mustelina","Hylocichla mustelina",7550,"Wood Thrush","Turdidae","Hylocichla","mustelina","Hylocichla mustelina",NA,NA,"Hylocichla_mustelina","woothr",217,0.419786096256685
"Turdus_migratorius_22708958.shp","Turdus_migratorius","Turdus migratorius",7610,"American Robin","Turdidae","Turdus","migratorius","Turdus migratorius",NA,NA,"Turdus_migratorius","amerob",641,0.787607687210073
"Dumetella_carolinensis_22711013.shp","Dumetella_carolinensis","Dumetella carolinensis",7040,"Gray Catbird","Mimidae","Dumetella","carolinensis","Dumetella carolinensis",NA,NA,"Dumetella_carolinensis","grycat",330,0.5875
"Toxostoma_curvirostre_22711115.shp","Toxostoma_curvirostre","Toxostoma curvirostre",7070,"Curve-billed Thrasher","Mimidae","Toxostoma","curvirostre","Toxostoma curvirostre",NA,NA,"Toxostoma_curvirostre","cubthr",25,0.866310160427808
"Toxostoma_rufum_22711099.shp","Toxostoma_rufum","Toxostoma rufum",7050,"Brown Thrasher","Mimidae","Toxostoma","rufum","Toxostoma rufum",NA,NA,"Toxostoma_rufum","brnthr",373,0.503989361702128
"Toxostoma_longirostre_22711102.shp","Toxostoma_longirostre","Toxostoma longirostre",7060,"Long-billed Thrasher","Mimidae","Toxostoma","longirostre","Toxostoma longirostre",NA,NA,"Toxostoma_longirostre","lobthr",6,0.785714285714286
"Toxostoma_bendirei_22711108.shp","Toxostoma_bendirei","Toxostoma bendirei",7080,"Bendire's Thrasher","Mimidae","Toxostoma","bendirei","Toxostoma bendirei",NA,NA,"Toxostoma_bendirei","benthr",10,0.921875
"Toxostoma_redivivum_22711124.shp","Toxostoma_redivivum","Toxostoma redivivum",7100,"California Thrasher","Mimidae","Toxostoma","redivivum","Toxostoma redivivum",NA,NA,"Toxostoma_redivivum","calthr",4,0.8
"Toxostoma_lecontei_22711121.shp","Toxostoma_lecontei","Toxostoma lecontei",7110,"Le Conte's Thrasher","Mimidae","Toxostoma","lecontei","Toxostoma lecontei",NA,NA,"Toxostoma_lecontei",NA,0,1
"Toxostoma_crissale_22711127.shp","Toxostoma_crissale","Toxostoma crissale",7120,"Crissal Thrasher","Mimidae","Toxostoma","crissale","Toxostoma crissale",NA,NA,"Toxostoma_crissale","crithr",8,0.916666666666667
"Oreoscoptes_montanus_22711096.shp","Oreoscoptes_montanus","Oreoscoptes montanus",7020,"Sage Thrasher","Mimidae","Oreoscoptes","montanus","Oreoscoptes montanus",NA,NA,"Oreoscoptes_montanus","sagthr",30,0.866666666666667
"Mimus_gundlachii_22711032.shp","Mimus_gundlachii","Mimus gundlachii",7031,"Bahama Mockingbird","Mimidae","Mimus","gundlachii","Mimus gundlachii",NA,NA,"Mimus_gundlachii",NA,0,1
"Mimus_polyglottos_22711026.shp","Mimus_polyglottos","Mimus polyglottos",7030,"Northern Mockingbird","Mimidae","Mimus","polyglottos","Mimus polyglottos",NA,NA,"Mimus_polyglottos","normoc",351,0.665076335877863
"Sturnus_vulgaris_22710886.shp","Sturnus_vulgaris","Sturnus vulgaris",4930,"European Starling","Sturnidae","Sturnus","vulgaris","Sturnus vulgaris",NA,NA,"Sturnus_vulgaris","eursta",1448,0.883685436581252
"Acridotheres_tristis_22710921.shp","Acridotheres_tristis","Acridotheres tristis",4932,"Common Myna","Sturnidae","Acridotheres","tristis","Acridotheres tristis",NA,NA,"Acridotheres_tristis","commyn",6,0.993340732519423
"Bombycilla_garrulus_22708146.shp","Bombycilla_garrulus","Bombycilla garrulus",6180,"Bohemian Waxwing","Bombycillidae","Bombycilla","garrulus","Bombycilla garrulus",NA,NA,"Bombycilla_garrulus","bohwax",6,0.99888455103179
"Bombycilla_cedrorum_22708153.shp","Bombycilla_cedrorum","Bombycilla cedrorum",6190,"Cedar Waxwing","Bombycillidae","Bombycilla","cedrorum","Bombycilla cedrorum",NA,NA,"Bombycilla_cedrorum","cedwax",378,0.723482077542063
"Phainopepla_nitens_22708139.shp","Phainopepla_nitens","Phainopepla nitens",6200,"Phainopepla","Ptiliogonatidae","Phainopepla","nitens","Phainopepla nitens",NA,NA,"Phainopepla_nitens","phaino",10,0.952380952380952
"Peucedramus_taeniatus_22720027.shp","Peucedramus_taeniatus","Peucedramus taeniatus",6510,"Olive Warbler","Peucedramidae","Peucedramus","taeniatus","Peucedramus taeniatus",NA,NA,"Peucedramus_taeniatus","oliwar",4,0.966666666666667
"Euplectes_franciscanus_22719181.shp","Euplectes_franciscanus","Euplectes franciscanus",19500,"Northern Red Bishop","Ploceidae","Euplectes","franciscanus","Euplectes franciscanus",NA,NA,"Euplectes_franciscanus",NA,0,1
"Passer_domesticus_22718174.shp","Passer_domesticus","Passer domesticus",6882,"House Sparrow","Passeridae","Passer","domesticus","Passer domesticus",NA,NA,"Passer_domesticus","houspa",2136,0.913954237834354
"Passer_montanus_22718270.shp","Passer_montanus","Passer montanus",6883,"Eurasian Tree Sparrow","Passeridae","Passer","montanus","Passer montanus",NA,NA,"Passer_montanus","eutspa",16,0.998305623212962
"Motacilla_alba_22718348.shp","Motacilla_alba","Motacilla alba",6940,"White Wagtail","Motacillidae","Motacilla","alba","Motacilla alba",NA,NA,"Motacilla_alba","whiwag",0,1
"Anthus_cervinus_22718560.shp","Anthus_cervinus","Anthus cervinus",6990,"Red-throated Pipit","Motacillidae","Anthus","cervinus","Anthus cervinus",NA,NA,"Anthus_cervinus",NA,0,1
"Anthus_rubescens_22718575.shp","Anthus_rubescens","Anthus rubescens",6970,"American Pipit","Motacillidae","Anthus","rubescens","Anthus rubescens",NA,NA,"Anthus_rubescens","amepip",10,0.996861268047709
"Anthus_spragueii_22718591.shp","Anthus_spragueii","Anthus spragueii",7000,"Sprague's Pipit","Motacillidae","Anthus","spragueii","Anthus spragueii",NA,NA,"Anthus_spragueii","sprpip",16,0.877862595419847
"Leucosticte_tephrocotis_22720482.shp","Leucosticte_tephrocotis","Leucosticte tephrocotis",5240,"Gray-crowned Rosy-Finch","Fringillidae","Leucosticte","tephrocotis","Leucosticte tephrocotis",NA,NA,"Leucosticte_tephrocotis","gcrfin",0,1
"Leucosticte_atrata_22720488.shp","Leucosticte_atrata","Leucosticte atrata",5250,"Black Rosy-Finch","Fringillidae","Leucosticte","atrata","Leucosticte atrata",NA,NA,"Leucosticte_atrata","bkrfin",2,0.875
"Leucosticte_australis_22728985.shp","Leucosticte_australis","Leucosticte australis",5260,"Brown-capped Rosy-Finch","Fringillidae","Leucosticte","australis","Leucosticte australis",NA,NA,"Leucosticte_australis","bcrfin",1,0
"Pinicola_enucleator_22720625.shp","Pinicola_enucleator","Pinicola enucleator",5150,"Pine Grosbeak","Fringillidae","Pinicola","enucleator","Pinicola enucleator",NA,NA,"Pinicola_enucleator","pingro",36,0.99093427348275
"Carpodacus_mexicanus_22720563.shp","Carpodacus_mexicanus","Carpodacus mexicanus",5190,"House Finch","Fringillidae","Haemorhous","mexicanus","Haemorhous mexicanus","Carpodacus","Carpodacus mexicanus","Carpodacus_mexicanus","houfin",641,0.525536639526277
"Carpodacus_purpureus_22720553.shp","Carpodacus_purpureus","Carpodacus purpureus",5170,"Purple Finch","Fringillidae","Haemorhous","purpureus","Haemorhous purpureus","Carpodacus","Carpodacus purpureus","Carpodacus_purpureus","purfin",161,0.779753761969904
"Carpodacus_cassinii_22720560.shp","Carpodacus_cassinii","Carpodacus cassinii",5180,"Cassin's Finch","Fringillidae","Haemorhous","cassinii","Haemorhous cassinii","Carpodacus","Carpodacus cassinii","Carpodacus_cassinii","casfin",16,0.912568306010929
"Loxia_curvirostra_22720646.shp","Loxia_curvirostra","Loxia curvirostra",5210,"Red Crossbill","Fringillidae","Loxia","curvirostra","Loxia curvirostra",NA,NA,"Loxia_curvirostra","redcro",146,0.964250734573947
"Loxia_leucoptera_22728944.shp","Loxia_leucoptera","Loxia leucoptera",5220,"White-winged Crossbill","Fringillidae","Loxia","leucoptera","Loxia leucoptera",NA,NA,"Loxia_leucoptera","whwcro",90,0.975172413793103
"Carduelis_flammea_22725044.shp","Carduelis_flammea","Carduelis flammea",5280,"Common Redpoll","Fringillidae","Acanthis","flammea","Acanthis flammea","Carduelis","Carduelis flammea","Carduelis_flammea","comred",0,1
"Carduelis_pinus_22720359.shp","Carduelis_pinus","Carduelis pinus",5330,"Pine Siskin","Fringillidae","Spinus","pinus","Spinus pinus","Carduelis","Carduelis pinus","Carduelis_pinus","pinsis",150,0.906367041198502
"Carduelis_psaltria_22720410.shp","Carduelis_psaltria","Carduelis psaltria",5300,"Lesser Goldfinch","Fringillidae","Spinus","psaltria","Spinus psaltria","Carduelis","Carduelis psaltria","Carduelis_psaltria","lesgol",124,0.923598274799754
"Carduelis_lawrencei_22720413.shp","Carduelis_lawrencei","Carduelis lawrencei",5310,"Lawrence's Goldfinch","Fringillidae","Spinus","lawrencei","Spinus lawrencei","Carduelis","Carduelis lawrencei","Carduelis_lawrencei","lawgol",1,0.961538461538462
"Carduelis_tristis_22720407.shp","Carduelis_tristis","Carduelis tristis",5290,"American Goldfinch","Fringillidae","Spinus","tristis","Spinus tristis","Carduelis","Carduelis tristis","Carduelis_tristis","amegfi",540,0.620520028109628
"Coccothraustes_vespertinus_22720702.shp","Coccothraustes_vespertinus","Coccothraustes vespertinus",5140,"Evening Grosbeak","Fringillidae","Coccothraustes","vespertinus","Coccothraustes vespertinus",NA,NA,"Coccothraustes_vespertinus","evegro",60,0.875259875259875
"Calcarius_lapponicus_22721033.shp","Calcarius_lapponicus","Calcarius lapponicus",5360,"Lapland Longspur","Calcariidae","Calcarius","lapponicus","Calcarius lapponicus",NA,NA,"Calcarius_lapponicus","laplon",0,1
"Calcarius_ornatus_22721040.shp","Calcarius_ornatus","Calcarius ornatus",5380,"Chestnut-collared Longspur","Calcariidae","Calcarius","ornatus","Calcarius ornatus",NA,NA,"Calcarius_ornatus","chclon",77,0.801033591731266
"Calcarius_pictus_22721037.shp","Calcarius_pictus","Calcarius pictus",5370,"Smith's Longspur","Calcariidae","Calcarius","pictus","Calcarius pictus",NA,NA,"Calcarius_pictus","smilon",0,1
"Rhynchophanes_mccownii_22721025.shp","Rhynchophanes_mccownii","Rhynchophanes mccownii",5390,"McCown's Longspur","Calcariidae","Rhynchophanes","mccownii","Rhynchophanes mccownii",NA,NA,"Rhynchophanes_mccownii","mcclon",11,0.869047619047619
"Plectrophenax_nivalis_22721043.shp","Plectrophenax_nivalis","Plectrophenax nivalis",5340,"Snow Bunting","Calcariidae","Plectrophenax","nivalis","Plectrophenax nivalis",NA,NA,"Plectrophenax_nivalis","snobun",0,1
"Seiurus_aurocapilla_22721779.shp","Seiurus_aurocapilla","Seiurus aurocapilla",6740,"Ovenbird","Parulidae","Seiurus","aurocapilla","Seiurus aurocapilla",NA,NA,"Seiurus_aurocapilla","ovenbi1",212,0.68215892053973
"Helmitheros_vermivorum_22721768.shp","Helmitheros_vermivorum","Helmitheros vermivorum",6390,"Worm-eating Warbler","Parulidae","Helmitheros","vermivorum","Helmitheros vermivorum",NA,NA,"Helmitheros_vermivorum","woewar1",127,0.306010928961749
"Parkesia_motacilla_22721803.shp","Parkesia_motacilla","Parkesia motacilla",6760,"Louisiana Waterthrush","Parulidae","Parkesia","motacilla","Parkesia motacilla",NA,NA,"Parkesia_motacilla","louwat",178,0.307392996108949
"Parkesia_noveboracensis_22721793.shp","Parkesia_noveboracensis","Parkesia noveboracensis",6750,"Northern Waterthrush","Parulidae","Parkesia","noveboracensis","Parkesia noveboracensis",NA,NA,"Parkesia_noveboracensis","norwat",73,0.933454876937101
"Vermivora_chrysoptera_22721618.shp","Vermivora_chrysoptera","Vermivora chrysoptera",6420,"Golden-winged Warbler","Parulidae","Vermivora","chrysoptera","Vermivora chrysoptera",NA,NA,"Vermivora_chrysoptera","gowwar",91,0.401315789473684
"Vermivora_cyanoptera_22721610.shp","Vermivora_cyanoptera","Vermivora cyanoptera",6410,"Blue-winged Warbler","Parulidae","Vermivora","cyanoptera","Vermivora cyanoptera",NA,NA,"Vermivora_cyanoptera","buwwar",264,0.284552845528455
"Mniotilta_varia_22721758.shp","Mniotilta_varia","Mniotilta varia",6360,"Black-and-white Warbler","Parulidae","Mniotilta","varia","Mniotilta varia",NA,NA,"Mniotilta_varia","bawwar",177,0.729357798165138
"Protonotaria_citrea_22721765.shp","Protonotaria_citrea","Protonotaria citrea",6370,"Prothonotary Warbler","Parulidae","Protonotaria","citrea","Protonotaria citrea",NA,NA,"Protonotaria_citrea","prowar",154,0.30316742081448
"Limnothlypis_swainsonii_22721776.shp","Limnothlypis_swainsonii","Limnothlypis swainsonii",6380,"Swainson's Warbler","Parulidae","Limnothlypis","swainsonii","Limnothlypis swainsonii",NA,NA,"Limnothlypis_swainsonii","swawar",66,0.388888888888889
"Vermivora_peregrina_22721621.shp","Vermivora_peregrina","Vermivora peregrina",6470,"Tennessee Warbler","Parulidae","Oreothlypis","peregrina","Oreothlypis peregrina","Vermivora","Vermivora peregrina","Vermivora_peregrina","tenwar",23,0.965722801788376
"Vermivora_celata_22721624.shp","Vermivora_celata","Vermivora celata",6460,"Orange-crowned Warbler","Parulidae","Oreothlypis","celata","Oreothlypis celata","Vermivora","Vermivora celata","Vermivora_celata","orcwar",41,0.962488563586459
"Vermivora_luciae_22721636.shp","Vermivora_luciae","Vermivora luciae",6430,"Lucy's Warbler","Parulidae","Oreothlypis","luciae","Oreothlypis luciae","Vermivora","Vermivora luciae","Vermivora_luciae","lucwar",3,0.942307692307692
"Vermivora_ruficapilla_22721627.shp","Vermivora_ruficapilla","Vermivora ruficapilla",6450,"Nashville Warbler","Parulidae","Oreothlypis","ruficapilla","Oreothlypis ruficapilla","Vermivora","Vermivora ruficapilla","Vermivora_ruficapilla","naswar",67,0.805797101449275
"Vermivora_virginiae_22721630.shp","Vermivora_virginiae","Vermivora virginiae",6440,"Virginia's Warbler","Parulidae","Oreothlypis","virginiae","Oreothlypis virginiae","Vermivora","Vermivora virginiae","Vermivora_virginiae","virwar",1,0.966666666666667
"Oporornis_agilis_22721818.shp","Oporornis_agilis","Oporornis agilis",6780,"Connecticut Warbler","Parulidae","Oporornis","agilis","Oporornis agilis",NA,NA,"Oporornis_agilis","conwar",13,0.917197452229299
"Geothlypis_trichas_22721836.shp","Geothlypis_trichas","Geothlypis trichas",6810,"Common Yellowthroat","Parulidae","Geothlypis","trichas","Geothlypis trichas",NA,NA,"Geothlypis_trichas","comyel",380,0.761755485893417
"Wilsonia_citrina_22721876.shp","Wilsonia_citrina","Wilsonia citrina",6840,"Hooded Warbler","Parulidae","Setophaga","citrina","Setophaga citrina","Wilsonia","Wilsonia citrina","Wilsonia_citrina","hoowar",131,0.328205128205128
"Setophaga_ruticilla_22721762.shp","Setophaga_ruticilla","Setophaga ruticilla",6870,"American Redstart","Parulidae","Setophaga","ruticilla","Setophaga ruticilla",NA,NA,"Setophaga_ruticilla","amered",241,0.731026785714286
"Dendroica_kirtlandii_22721722.shp","Dendroica_kirtlandii","Dendroica kirtlandii",6700,"Kirtland's Warbler","Parulidae","Setophaga","kirtlandii","Setophaga kirtlandii","Dendroica","Dendroica kirtlandii","Dendroica_kirtlandii","kirwar",0,1
"Dendroica_tigrina_22721670.shp","Dendroica_tigrina","Dendroica tigrina",6500,"Cape May Warbler","Parulidae","Setophaga","tigrina","Setophaga tigrina","Dendroica","Dendroica tigrina","Dendroica_tigrina","camwar",49,0.928571428571429
"Dendroica_cerulea_22721740.shp","Dendroica_cerulea","Dendroica cerulea",6580,"Cerulean Warbler","Parulidae","Setophaga","cerulea","Setophaga cerulea","Dendroica","Dendroica cerulea","Dendroica_cerulea","cerwar",57,0.304878048780488
"Parula_americana_22721639.shp","Parula_americana","Parula americana",6480,"Northern Parula","Parulidae","Setophaga","americana","Setophaga americana","Parula","Parula americana","Parula_americana","norpar",182,0.49584487534626
"Parula_pitiayumi_22721642.shp","Parula_pitiayumi","Parula pitiayumi",6490,"Tropical Parula","Parulidae","Setophaga","pitiayumi","Setophaga pitiayumi","Parula","Parula pitiayumi","Parula_pitiayumi","tropar",14,0.997748472177549
"Dendroica_magnolia_22721667.shp","Dendroica_magnolia","Dendroica magnolia",6570,"Magnolia Warbler","Parulidae","Setophaga","magnolia","Setophaga magnolia","Dendroica","Dendroica magnolia","Dendroica_magnolia","magwar",109,0.886694386694387
"Dendroica_castanea_22721734.shp","Dendroica_castanea","Dendroica castanea",6600,"Bay-breasted Warbler","Parulidae","Setophaga","castanea","Setophaga castanea","Dendroica","Dendroica castanea","Dendroica_castanea","babwar",74,0.930451127819549
"Dendroica_fusca_22721695.shp","Dendroica_fusca","Dendroica fusca",6620,"Blackburnian Warbler","Parulidae","Setophaga","fusca","Setophaga fusca","Dendroica","Dendroica fusca","Dendroica_fusca","bkbwar",65,0.730290456431535
"Dendroica_petechia_22721657.shp","Dendroica_petechia","Dendroica petechia",6520,"Yellow Warbler","Parulidae","Setophaga","petechia","Setophaga petechia","Dendroica","Dendroica petechia","Dendroica_petechia","yelwar",273,0.866634098680997
"Dendroica_pensylvanica_22721664.shp","Dendroica_pensylvanica","Dendroica pensylvanica",6590,"Chestnut-sided Warbler","Parulidae","Setophaga","pensylvanica","Setophaga pensylvanica","Dendroica","Dendroica pensylvanica","Dendroica_pensylvanica","chswar",72,0.746478873239437
"Dendroica_striata_22721737.shp","Dendroica_striata","Dendroica striata",6610,"Blackpoll Warbler","Parulidae","Setophaga","striata","Setophaga striata","Dendroica","Dendroica striata","Dendroica_striata","bkpwar",15,0.985177865612648
"Dendroica_caerulescens_22721673.shp","Dendroica_caerulescens","Dendroica caerulescens",6540,"Black-throated Blue Warbler","Parulidae","Setophaga","caerulescens","Setophaga caerulescens","Dendroica","Dendroica caerulescens","Dendroica_caerulescens","btbwar",84,0.648535564853556
"Dendroica_palmarum_22721731.shp","Dendroica_palmarum","Dendroica palmarum",6720,"Palm Warbler","Parulidae","Setophaga","palmarum","Setophaga palmarum","Dendroica","Dendroica palmarum","Dendroica_palmarum","palwar",23,0.950323974082073
"Dendroica_pinus_22721719.shp","Dendroica_pinus","Dendroica pinus",6710,"Pine Warbler","Parulidae","Setophaga","pinus","Setophaga pinus","Dendroica","Dendroica pinus","Dendroica_pinus","pinwar",170,0.46875
"Dendroica_coronata_22721676.shp","Dendroica_coronata","Dendroica coronata",6550,"(Myrtle Warbler) Yellow-rumped Warbler","Parulidae","Setophaga","coronata coronata","Dendroica coronata",NA,NA,"Dendroica_coronata",NA,97,0.932825484764543
"Dendroica_coronata_22721676.shp","Dendroica_coronata","Dendroica coronata",6560,"(Audubon's Warbler) Yellow-rumped Warbler","Parulidae","Setophaga","coronata audoboni","Dendroica coronata",NA,NA,"Dendroica_coronata",NA,97,0.932825484764543
"Dendroica_dominica_22724793.shp","Dendroica_dominica","Dendroica dominica",6630,"Yellow-throated Warbler","Parulidae","Setophaga","dominica","Setophaga dominica","Dendroica","Dendroica dominica","Dendroica_dominica","yetwar",136,0.36150234741784
"Dendroica_discolor_22721725.shp","Dendroica_discolor","Dendroica discolor",6730,"Prairie Warbler","Parulidae","Setophaga","discolor","Setophaga discolor","Dendroica","Dendroica discolor","Dendroica_discolor","prawar",123,0.301136363636364
"Dendroica_graciae_22721708.shp","Dendroica_graciae","Dendroica graciae",6640,"Grace's Warbler","Parulidae","Setophaga","graciae","Setophaga graciae","Dendroica","Dendroica graciae","Dendroica_graciae","grawar",32,0.92967032967033
"Dendroica_nigrescens_22721679.shp","Dendroica_nigrescens","Dendroica nigrescens",6650,"Black-throated Gray Warbler","Parulidae","Setophaga","nigrescens","Setophaga nigrescens","Dendroica","Dendroica nigrescens","Dendroica_nigrescens","btywar",20,0.897435897435897
"Dendroica_townsendi_22721683.shp","Dendroica_townsendi","Dendroica townsendi",6680,"Townsend's Warbler","Parulidae","Setophaga","townsendi","Setophaga townsendi","Dendroica","Dendroica townsendi","Dendroica_townsendi","towwar",21,0.963604852686308
"Dendroica_occidentalis_22721686.shp","Dendroica_occidentalis","Dendroica occidentalis",6690,"Hermit Warbler","Parulidae","Setophaga","occidentalis","Setophaga occidentalis","Dendroica","Dendroica occidentalis","Dendroica_occidentalis","herwar",8,0.764705882352941
"Dendroica_chrysoparia_22721692.shp","Dendroica_chrysoparia","Dendroica chrysoparia",6660,"Golden-cheeked Warbler","Parulidae","Setophaga","chrysoparia","Setophaga chrysoparia","Dendroica","Dendroica chrysoparia","Dendroica_chrysoparia","gchwar",1,0
"Dendroica_virens_22721689.shp","Dendroica_virens","Dendroica virens",6670,"Black-throated Green Warbler","Parulidae","Setophaga","virens","Setophaga virens","Dendroica","Dendroica virens","Dendroica_virens","btnwar",155,0.804785894206549
"Wilsonia_canadensis_22721882.shp","Wilsonia_canadensis","Wilsonia canadensis",6860,"Canada Warbler","Parulidae","Cardellina","canadensis","Cardellina canadensis","Wilsonia","Wilsonia canadensis","Wilsonia_canadensis","canwar",60,0.830508474576271
"Wilsonia_pusilla_22721879.shp","Wilsonia_pusilla","Wilsonia pusilla",6850,"Wilson's Warbler","Parulidae","Cardellina","pusilla","Cardellina pusilla","Wilsonia","Wilsonia pusilla","Wilsonia_pusilla","wlswar",27,0.977291841883936
"Cardellina_rubrifrons_22721885.shp","Cardellina_rubrifrons","Cardellina rubrifrons",6900,"Red-faced Warbler","Parulidae","Cardellina","rubrifrons","Cardellina rubrifrons",NA,NA,"Cardellina_rubrifrons","refwar",2,0.947368421052632
"Myioborus_pictus_22721894.shp","Myioborus_pictus","Myioborus pictus",6880,"Painted Redstart","Parulidae","Myioborus","pictus","Myioborus pictus",NA,NA,"Myioborus_pictus","paired",10,0.932432432432432
"Icteria_virens_22722057.shp","Icteria_virens","Icteria virens",6830,"Yellow-breasted Chat","Parulidae","Icteria","virens","Icteria virens",NA,NA,"Icteria_virens","yebcha",228,0.644859813084112
"Arremonops_rufivirgatus_22721392.shp","Arremonops_rufivirgatus","Arremonops rufivirgatus",5860,"Olive Sparrow","Emberizidae","Arremonops","rufivirgatus","Arremonops rufivirgatus",NA,NA,"Arremonops_rufivirgatus","olispa",6,0.931034482758621
"Pipilo_chlorurus_22721304.shp","Pipilo_chlorurus","Pipilo chlorurus",5900,"Green-tailed Towhee","Emberizidae","Pipilo","chlorurus","Pipilo chlorurus",NA,NA,"Pipilo_chlorurus","gnttow",37,0.896935933147632
"Pipilo_maculatus_22729113.shp","Pipilo_maculatus","Pipilo maculatus",5880,"Spotted Towhee","Emberizidae","Pipilo","maculatus","Pipilo maculatus",NA,NA,"Pipilo_maculatus","spotow",71,0.878216123499142
"Pipilo_erythrophthalmus_22721310.shp","Pipilo_erythrophthalmus","Pipilo erythrophthalmus",5870,"Eastern Towhee","Emberizidae","Pipilo","erythrophthalmus","Pipilo erythrophthalmus",NA,NA,"Pipilo_erythrophthalmus","eastow",395,0.639269406392694
"Aimophila_ruficeps_22721288.shp","Aimophila_ruficeps","Aimophila ruficeps",5800,"Rufous-crowned Sparrow","Emberizidae","Aimophila","ruficeps","Aimophila ruficeps",NA,NA,"Aimophila_ruficeps","rucspa",18,0.839285714285714
"Melozone_crissalis_22721323.shp","Melozone_crissalis","Melozone crissalis",5911,"California Towhee","Emberizidae","Melozone","crissalis","Melozone crissalis",NA,NA,"Melozone_crissalis","caltow",9,0.863636363636364
"Melozone_aberti_22721315.shp","Melozone_aberti","Melozone aberti",5920,"Abert's Towhee","Emberizidae","Melozone","aberti","Melozone aberti",NA,NA,"Melozone_aberti","abetow",0,1
"Peucaea_carpalis_22721280.shp","Peucaea_carpalis","Peucaea carpalis",5790,"Rufous-winged Sparrow","Emberizidae","Peucaea","carpalis","Peucaea carpalis",NA,NA,"Peucaea_carpalis","ruwspa",0,1
"Peucaea_botterii_22721264.shp","Peucaea_botterii","Peucaea botterii",5760,"Botteri's Sparrow","Emberizidae","Peucaea","botterii","Peucaea botterii",NA,NA,"Peucaea_botterii","botspa",3,0.98828125
"Peucaea_cassinii_22721272.shp","Peucaea_cassinii","Peucaea cassinii",5780,"Cassin's Sparrow","Emberizidae","Peucaea","cassinii","Peucaea cassinii",NA,NA,"Peucaea_cassinii","casspa",52,0.799227799227799
"Peucaea_aestivalis_22721256.shp","Peucaea_aestivalis","Peucaea aestivalis",5750,"Bachman's Sparrow","Emberizidae","Peucaea","aestivalis","Peucaea aestivalis",NA,NA,"Peucaea_aestivalis","bacspa",61,0.364583333333333
"Spizella_arborea_22721159.shp","Spizella_arborea","Spizella arborea",5590,"American Tree Sparrow","Emberizidae","Spizelloides","arborea","Spizelloides arborea","Spizella","Spizella arborea","Spizella_arborea","amtspa",0,1
"Spizella_passerina_22721162.shp","Spizella_passerina","Spizella passerina",5600,"Chipping Sparrow","Emberizidae","Spizella","passerina","Spizella passerina",NA,NA,"Spizella_passerina","chispa",566,0.809875713805845
"Spizella_pallida_22721165.shp","Spizella_pallida","Spizella pallida",5610,"Clay-colored Sparrow","Emberizidae","Spizella","pallida","Spizella pallida",NA,NA,"Spizella_pallida","clcspa",55,0.86810551558753
"Spizella_breweri_22734705.shp","Spizella_breweri","Spizella breweri",5620,"Brewer's Sparrow","Emberizidae","Spizella","breweri","Spizella breweri",NA,NA,"Spizella_breweri","brespa",40,0.897959183673469
"Spizella_pusilla_22721179.shp","Spizella_pusilla","Spizella pusilla",5630,"Field Sparrow","Emberizidae","Spizella","pusilla","Spizella pusilla",NA,NA,"Spizella_pusilla","fiespa",1412,0.338331771321462
"Spizella_atrogularis_22721185.shp","Spizella_atrogularis","Spizella atrogularis",5650,"Black-chinned Sparrow","Emberizidae","Spizella","atrogularis","Spizella atrogularis",NA,NA,"Spizella_atrogularis","bkcspa",23,0.87431693989071
"Pooecetes_gramineus_22721188.shp","Pooecetes_gramineus","Pooecetes gramineus",5400,"Vesper Sparrow","Emberizidae","Pooecetes","gramineus","Pooecetes gramineus",NA,NA,"Pooecetes_gramineus","vesspa",378,0.750165234633179
"Chondestes_grammacus_22721191.shp","Chondestes_grammacus","Chondestes grammacus",5520,"Lark Sparrow","Emberizidae","Chondestes","grammacus","Chondestes grammacus",NA,NA,"Chondestes_grammacus","larspa",221,0.69047619047619
"Amphispiza_bilineata_22721194.shp","Amphispiza_bilineata","Amphispiza bilineata",5730,"Black-throated Sparrow","Emberizidae","Amphispiza","bilineata","Amphispiza bilineata",NA,NA,"Amphispiza_bilineata","bktspa",45,0.908722109533469
"Amphispiza_belli_22721197.shp","Amphispiza_belli","Amphispiza belli",5739,"Bell's Sparrow","Emberizidae","Artemisiospiza","belli","Artemisiospiza belli","Amphispiza","Amphispiza belli","Amphispiza_belli","belspa2",14,0.9
"Calamospiza_melanocorys_22721049.shp","Calamospiza_melanocorys","Calamospiza melanocorys",6050,"Lark Bunting","Emberizidae","Calamospiza","melanocorys","Calamospiza melanocorys",NA,NA,"Calamospiza_melanocorys","larbun",49,0.762135922330097
"Passerculus_sandwichensis_22721110.shp","Passerculus_sandwichensis","Passerculus sandwichensis",5420,"Savannah Sparrow","Emberizidae","Passerculus","sandwichensis","Passerculus sandwichensis",NA,NA,"Passerculus_sandwichensis","savspa",176,0.918177591817759
"Ammodramus_savannarum_22721144.shp","Ammodramus_savannarum","Ammodramus savannarum",5460,"Grasshopper Sparrow","Emberizidae","Ammodramus","savannarum","Ammodramus savannarum",NA,NA,"Ammodramus_savannarum","graspa",288,0.536231884057971
"Ammodramus_bairdii_22721141.shp","Ammodramus_bairdii","Ammodramus bairdii",5450,"Baird's Sparrow","Emberizidae","Ammodramus","bairdii","Ammodramus bairdii",NA,NA,"Ammodramus_bairdii","baispa",19,0.815533980582524
"Ammodramus_henslowii_22721138.shp","Ammodramus_henslowii","Ammodramus henslowii",5470,"Henslow's Sparrow","Emberizidae","Ammodramus","henslowii","Ammodramus henslowii",NA,NA,"Ammodramus_henslowii","henspa",95,0.28030303030303
"Ammodramus_leconteii_22721135.shp","Ammodramus_leconteii","Ammodramus leconteii",5480,"Le Conte's Sparrow","Emberizidae","Ammodramus","leconteii","Ammodramus leconteii",NA,NA,"Ammodramus_leconteii",NA,35,0.909326424870466
"Ammodramus_nelsoni_22728393.shp","Ammodramus_nelsoni","Ammodramus nelsoni",5491,"Nelson's Sparrow","Emberizidae","Ammodramus","nelsoni","Ammodramus nelsoni",NA,NA,"Ammodramus_nelsoni","nstspa",39,0.803030303030303
"Ammodramus_caudacutus_22721129.shp","Ammodramus_caudacutus","Ammodramus caudacutus",5490,"Saltmarsh Sparrow","Emberizidae","Ammodramus","caudacutus","Ammodramus caudacutus",NA,NA,"Ammodramus_caudacutus","sstspa",11,0.0833333333333333
"Ammodramus_maritimus_22721123.shp","Ammodramus_maritimus","Ammodramus maritimus",5500,"Seaside Sparrow","Emberizidae","Ammodramus","maritimus","Ammodramus maritimus",NA,NA,"Ammodramus_maritimus","seaspa",6,0.625
"Passerella_iliaca_22721052.shp","Passerella_iliaca","Passerella iliaca",5850,"Fox Sparrow","Emberizidae","Passerella","iliaca","Passerella iliaca",NA,NA,"Passerella_iliaca","foxspa",24,0.979504696840307
"Melospiza_melodia_22721058.shp","Melospiza_melodia","Melospiza melodia",5810,"Song Sparrow","Emberizidae","Melospiza","melodia","Melospiza melodia",NA,NA,"Melospiza_melodia","sonspa",430,0.765027322404372
"Melospiza_lincolnii_22721064.shp","Melospiza_lincolnii","Melospiza lincolnii",5830,"Lincoln's Sparrow","Emberizidae","Melospiza","lincolnii","Melospiza lincolnii",NA,NA,"Melospiza_lincolnii","linspa",36,0.965909090909091
"Melospiza_georgiana_22721070.shp","Melospiza_georgiana","Melospiza georgiana",5840,"Swamp Sparrow","Emberizidae","Melospiza","georgiana","Melospiza georgiana",NA,NA,"Melospiza_georgiana","swaspa",188,0.783410138248848
"Zonotrichia_albicollis_22721085.shp","Zonotrichia_albicollis","Zonotrichia albicollis",5580,"White-throated Sparrow","Emberizidae","Zonotrichia","albicollis","Zonotrichia albicollis",NA,NA,"Zonotrichia_albicollis","whtspa",81,0.898623279098874
"Zonotrichia_querula_22721082.shp","Zonotrichia_querula","Zonotrichia querula",5530,"Harris's Sparrow","Emberizidae","Zonotrichia","querula","Zonotrichia querula",NA,NA,"Zonotrichia_querula","harspa",0,1
"Zonotrichia_leucophrys_22721088.shp","Zonotrichia_leucophrys","Zonotrichia leucophrys",5540,"White-crowned Sparrow","Emberizidae","Zonotrichia","leucophrys","Zonotrichia leucophrys",NA,NA,"Zonotrichia_leucophrys","whcspa",28,0.977900552486188
"Zonotrichia_atricapilla_22721091.shp","Zonotrichia_atricapilla","Zonotrichia atricapilla",5570,"Golden-crowned Sparrow","Emberizidae","Zonotrichia","atricapilla","Zonotrichia atricapilla",NA,NA,"Zonotrichia_atricapilla","gocspa",0,1
"Junco_hyemalis_22735032.shp","Junco_hyemalis","Junco hyemalis",5670,"(Slate-colored Junco) Dark-eyed Junco","Emberizidae","Junco","hyemalis hyemalis","Junco hyemalis",NA,NA,"Junco_hyemalis",NA,102,0.957658779576588
"Junco_hyemalis_22735032.shp","Junco_hyemalis","Junco hyemalis",5671,"(Oregon Junco) Dark-eyed Junco","Emberizidae","Junco","hyemalis oreganus","Junco hyemalis",NA,NA,"Junco_hyemalis",NA,102,0.957658779576588
"Junco_hyemalis_22735032.shp","Junco_hyemalis","Junco hyemalis",5680,"(Pink-sided Junco) Dark-eyed Junco","Emberizidae","Junco","hyemalis mearnsi","Junco hyemalis",NA,NA,"Junco_hyemalis",NA,102,0.957658779576588
"Junco_hyemalis_22735032.shp","Junco_hyemalis","Junco hyemalis",5660,"(White-winged Junco) Dark-eyed Junco","Emberizidae","Junco","hyemalis aikeni","Junco hyemalis",NA,NA,"Junco_hyemalis",NA,102,0.957658779576588
"Junco_hyemalis_22735032.shp","Junco_hyemalis","Junco hyemalis",5690,"(Gray-headed Junco) Dark-eyed Junco","Emberizidae","Junco","hyemalis caniceps","Junco hyemalis",NA,NA,"Junco_hyemalis",NA,102,0.957658779576588
"Junco_phaeonotus_22721107.shp","Junco_phaeonotus","Junco phaeonotus",5700,"Yellow-eyed Junco","Emberizidae","Junco","phaeonotus","Junco phaeonotus",NA,NA,"Junco_phaeonotus","yeejun",2,0.955555555555556
"Piranga_flava_22722450.shp","Piranga_flava","Piranga flava",6090,"Hepatic Tanager","Cardinalidae","Piranga","flava","Piranga flava",NA,NA,"Piranga_flava","heptan",16,0.978112175102599
"Piranga_rubra_22722456.shp","Piranga_rubra","Piranga rubra",6100,"Summer Tanager","Cardinalidae","Piranga","rubra","Piranga rubra",NA,NA,"Piranga_rubra","sumtan",156,0.50788643533123
"Piranga_olivacea_22722466.shp","Piranga_olivacea","Piranga olivacea",6080,"Scarlet Tanager","Cardinalidae","Piranga","olivacea","Piranga olivacea",NA,NA,"Piranga_olivacea","scatan",176,0.380281690140845
"Piranga_ludoviciana_22722471.shp","Piranga_ludoviciana","Piranga ludoviciana",6070,"Western Tanager","Cardinalidae","Piranga","ludoviciana","Piranga ludoviciana",NA,NA,"Piranga_ludoviciana","westan",58,0.937229437229437
"Cardinalis_cardinalis_22723819.shp","Cardinalis_cardinalis","Cardinalis cardinalis",5930,"Northern Cardinal","Cardinalidae","Cardinalis","cardinalis","Cardinalis cardinalis",NA,NA,"Cardinalis_cardinalis","norcar",530,0.536307961504812
"Cardinalis_sinuatus_22723825.shp","Cardinalis_sinuatus","Cardinalis sinuatus",5940,"Pyrrhuloxia","Cardinalidae","Cardinalis","sinuatus","Cardinalis sinuatus",NA,NA,"Cardinalis_sinuatus","pyrrhu",20,0.857142857142857
"Pheucticus_ludovicianus_22723813.shp","Pheucticus_ludovicianus","Pheucticus ludovicianus",5950,"Rose-breasted Grosbeak","Cardinalidae","Pheucticus","ludovicianus","Pheucticus ludovicianus",NA,NA,"Pheucticus_ludovicianus","robgro",164,0.645021645021645
"Pheucticus_melanocephalus_22723816.shp","Pheucticus_melanocephalus","Pheucticus melanocephalus",5960,"Black-headed Grosbeak","Cardinalidae","Pheucticus","melanocephalus","Pheucticus melanocephalus",NA,NA,"Pheucticus_melanocephalus","bkhgro",210,0.846378931967813
"Passerina_caerulea_22723939.shp","Passerina_caerulea","Passerina caerulea",5970,"Blue Grosbeak","Cardinalidae","Passerina","caerulea","Passerina caerulea",NA,NA,"Passerina_caerulea","blugrb1",348,0.648484848484848
"Passerina_amoena_22723948.shp","Passerina_amoena","Passerina amoena",5990,"Lazuli Bunting","Cardinalidae","Passerina","amoena","Passerina amoena",NA,NA,"Passerina_amoena","lazbun",50,0.842767295597484
"Passerina_cyanea_22723951.shp","Passerina_cyanea","Passerina cyanea",5980,"Indigo Bunting","Cardinalidae","Passerina","cyanea","Passerina cyanea",NA,NA,"Passerina_cyanea","indbun",891,0.519676549865229
"Passerina_versicolor_22723954.shp","Passerina_versicolor","Passerina versicolor",6000,"Varied Bunting","Cardinalidae","Passerina","versicolor","Passerina versicolor",NA,NA,"Passerina_versicolor","varbun",10,0.975247524752475
"Passerina_ciris_22723957.shp","Passerina_ciris","Passerina ciris",6010,"Painted Bunting","Cardinalidae","Passerina","ciris","Passerina ciris",NA,NA,"Passerina_ciris","paibun",60,0.548872180451128
"Spiza_americana_22723796.shp","Spiza_americana","Spiza americana",6040,"Dickcissel","Cardinalidae","Spiza","americana","Spiza americana",NA,NA,"Spiza_americana","dickci",188,0.483516483516484
"Dolichonyx_oryzivorus_22724367.shp","Dolichonyx_oryzivorus","Dolichonyx oryzivorus",4940,"Bobolink","Icteridae","Dolichonyx","oryzivorus","Dolichonyx oryzivorus",NA,NA,"Dolichonyx_oryzivorus","boboli",158,0.649667405764967
"Agelaius_phoeniceus_22724191.shp","Agelaius_phoeniceus","Agelaius phoeniceus",4980,"Red-winged Blackbird","Icteridae","Agelaius","phoeniceus","Agelaius phoeniceus",NA,NA,"Agelaius_phoeniceus","rewbla",652,0.731687242798354
"Agelaius_tricolor_22724196.shp","Agelaius_tricolor","Agelaius tricolor",5000,"Tricolored Blackbird","Icteridae","Agelaius","tricolor","Agelaius tricolor",NA,NA,"Agelaius_tricolor","tribla",2,0.91304347826087
"Sturnella_magna_22735434.shp","Sturnella_magna","Sturnella magna",5010,"Eastern Meadowlark","Icteridae","Sturnella","magna","Sturnella magna",NA,NA,"Sturnella_magna","easmea",431,0.61310592459605
"Sturnella_neglecta_22724256.shp","Sturnella_neglecta","Sturnella neglecta",5011,"Western Meadowlark","Icteridae","Sturnella","neglecta","Sturnella neglecta",NA,NA,"Sturnella_neglecta","wesmea",232,0.787934186471664
"Xanthocephalus_xanthocephalus_22724169.shp","Xanthocephalus_xanthocephalus","Xanthocephalus xanthocephalus",4970,"Yellow-headed Blackbird","Icteridae","Xanthocephalus","xanthocephalus","Xanthocephalus xanthocephalus",NA,NA,"Xanthocephalus_xanthocephalus","yehbla",220,0.804791481810115
"Euphagus_carolinus_22724329.shp","Euphagus_carolinus","Euphagus carolinus",5090,"Rusty Blackbird","Icteridae","Euphagus","carolinus","Euphagus carolinus",NA,NA,"Euphagus_carolinus","rusbla",25,0.977558348294434
"Euphagus_cyanocephalus_22724332.shp","Euphagus_cyanocephalus","Euphagus cyanocephalus",5100,"Brewer's Blackbird","Icteridae","Euphagus","cyanocephalus","Euphagus cyanocephalus",NA,NA,"Euphagus_cyanocephalus","brebla",113,0.858573216520651
"Quiscalus_quiscula_22724320.shp","Quiscalus_quiscula","Quiscalus quiscula",5110,"Common Grackle","Icteridae","Quiscalus","quiscula","Quiscalus quiscula",NA,NA,"Quiscalus_quiscula","comgra",534,0.58891454965358
"Quiscalus_major_22724311.shp","Quiscalus_major","Quiscalus major",5130,"Boat-tailed Grackle","Icteridae","Quiscalus","major","Quiscalus major",NA,NA,"Quiscalus_major","botgra",22,0.45
"Quiscalus_mexicanus_22724308.shp","Quiscalus_mexicanus","Quiscalus mexicanus",5120,"Great-tailed Grackle","Icteridae","Quiscalus","mexicanus","Quiscalus mexicanus",NA,NA,"Quiscalus_mexicanus","grtgra",445,0.81634337598019
"Molothrus_bonariensis_22724345.shp","Molothrus_bonariensis","Molothrus bonariensis",4961,"Shiny Cowbird","Icteridae","Molothrus","bonariensis","Molothrus bonariensis",NA,NA,"Molothrus_bonariensis","shicow",1,0.999791144527987
"Molothrus_aeneus_22724349.shp","Molothrus_aeneus","Molothrus aeneus",4960,"Bronzed Cowbird","Icteridae","Molothrus","aeneus","Molothrus aeneus",NA,NA,"Molothrus_aeneus","brocow",34,0.958179581795818
"Molothrus_ater_22724354.shp","Molothrus_ater","Molothrus ater",4950,"Brown-headed Cowbird","Icteridae","Molothrus","ater","Molothrus ater",NA,NA,"Molothrus_ater","bnhcow",566,0.662492546213476
"Icterus_spurius_22724134.shp","Icterus_spurius","Icterus spurius",5060,"Orchard Oriole","Icteridae","Icterus","spurius","Icterus spurius",NA,NA,"Icterus_spurius","orcori",497,0.481210855949896
"Icterus_cucullatus_22724131.shp","Icterus_cucullatus","Icterus cucullatus",5050,"Hooded Oriole","Icteridae","Icterus","cucullatus","Icterus cucullatus",NA,NA,"Icterus_cucullatus","hooori",31,0.903426791277259
"Icterus_bullockii_22729123.shp","Icterus_bullockii","Icterus bullockii",5080,"Bullock's Oriole","Icteridae","Icterus","bullockii","Icterus bullockii",NA,NA,"Icterus_bullockii","bulori",116,0.845744680851064
"Icterus_pectoralis_22724105.shp","Icterus_pectoralis","Icterus pectoralis",5032,"Spot-breasted Oriole","Icteridae","Icterus","pectoralis","Icterus pectoralis",NA,NA,"Icterus_pectoralis",NA,2,0.957446808510638
"Icterus_gularis_22724108.shp","Icterus_gularis","Icterus gularis",5031,"Altamira Oriole","Icteridae","Icterus","gularis","Icterus gularis",NA,NA,"Icterus_gularis","altori",2,0.957446808510638
"Icterus_graduacauda_22724081.shp","Icterus_graduacauda","Icterus graduacauda",5030,"Audubon's Oriole","Icteridae","Icterus","graduacauda","Icterus graduacauda",NA,NA,"Icterus_graduacauda","audori",1,0.967741935483871
"Icterus_galbula_22724126.shp","Icterus_galbula","Icterus galbula",5070,"Baltimore Oriole","Icteridae","Icterus","galbula","Icterus galbula",NA,NA,"Icterus_galbula","balori",1114,0.654894671623296
"Icterus_parisorum_22724160.shp","Icterus_parisorum","Icterus parisorum",5040,"Scott's Oriole","Icteridae","Icterus","parisorum","Icterus parisorum",NA,NA,"Icterus_parisorum","scoori",45,0.892601431980907
"Archilochus_alexandri_22688196.shp","Archilochus_alexandri","Archilochus alexandri",4290,"Black-chinned Hummingbird","Trochilidae","Archilochus","alexandri","Archilochus alexandri",NA,NA,"Archilochus_alexandri",NA,38,0.841004184100418
"Calypte_anna_22688199.shp","Calypte_anna","Calypte anna",4310,"Anna's Hummingbird","Trochilidae","Calypte","anna","Calypte anna",NA,NA,"Calypte_anna",NA,8,0.843137254901961
"Calypte_costae_22688202.shp","Calypte_costae","Calypte costae",4300,"Costa's Hummingbird","Trochilidae","Calypte","costae","Calypte costae",NA,NA,"Calypte_costae",NA,4,0.956521739130435
"Selasphorus_platycercus_22688293.shp","Selasphorus_platycercus","Selasphorus platycercus",4320,"Broad-tailed Hummingbird","Trochilidae","Selasphorus","platycercus","Selasphorus platycercus",NA,NA,"Selasphorus_platycercus",NA,7,0.963917525773196
"Selasphorus_rufus_22688296.shp","Selasphorus_rufus","Selasphorus rufus",4330,"Rufous Hummingbird","Trochilidae","Selasphorus","rufus","Selasphorus rufus",NA,NA,"Selasphorus_rufus",NA,19,0.904040404040404
"Selasphorus_sasin_22688299.shp","Selasphorus_sasin","Selasphorus sasin",4340,"Allen's Hummingbird","Trochilidae","Selasphorus","sasin","Selasphorus sasin",NA,NA,"Selasphorus_sasin",NA,0,1
"Selasphorus_calliope_22688232.shp","Selasphorus_calliope","Selasphorus calliope",4360,"Calliope Hummingbird","Trochilidae","Selasphorus","calliope","Selasphorus calliope",NA,NA,"Selasphorus_calliope",NA,17,0.878571428571429
"Cynanthus_latirostris_22725767.shp","Cynanthus_latirostris","Cynanthus latirostris",4410,"Broad-billed Hummingbird","Trochilidae","Cynanthus","latirostris","Cynanthus latirostris",NA,NA,"Cynanthus_latirostris",NA,4,0.958333333333333
"Amazilia_yucatanensis_22687606.shp","Amazilia_yucatanensis","Amazilia yucatanensis",4390,"Buff-bellied Hummingbird","Trochilidae","Amazilia","yucatanensis","Amazilia yucatanensis",NA,NA,"Amazilia_yucatanensis",NA,2,0.971830985915493
"Amazilia_violiceps_22687624.shp","Amazilia_violiceps","Amazilia violiceps",4391,"Violet-crowned Hummingbird","Trochilidae","Amazilia","violiceps","Amazilia violiceps",NA,NA,"Amazilia_violiceps",NA,4,0.932203389830508
"Porphyrio_porphyrio_22692792.shp","Porphyrio_porphyrio","Porphyrio porphyrio",21930,"Purple Swamphen","Rallidae","Porphyrio","porphyrio","Porphyrio porphyrio",NA,NA,"Porphyrio_porphyrio",NA,0,1
"Trogon_elegans_22726830.shp","Trogon_elegans","Trogon elegans",3890,"Elegant Trogon","Trogonidae","Trogon","elegans","Trogon elegans",NA,NA,"Trogon_elegans",NA,0,1
"Melanerpes_lewis_22680801.shp","Melanerpes_lewis","Melanerpes lewis",4080,"Lewis's Woodpecker","Picidae","Melanerpes","lewis","Melanerpes lewis",NA,NA,"Melanerpes_lewis",NA,44,0.886304909560723
"Melanerpes_erythrocephalus_22680810.shp","Melanerpes_erythrocephalus","Melanerpes erythrocephalus",4060,"Red-headed Woodpecker","Picidae","Melanerpes","erythrocephalus","Melanerpes erythrocephalus",NA,NA,"Melanerpes_erythrocephalus",NA,339,0.590579710144927
"Melanerpes_formicivorus_22680813.shp","Melanerpes_formicivorus","Melanerpes formicivorus",4070,"Acorn Woodpecker","Picidae","Melanerpes","formicivorus","Melanerpes formicivorus",NA,NA,"Melanerpes_formicivorus",NA,7,0.949275362318841
"Melanerpes_uropygialis_22680853.shp","Melanerpes_uropygialis","Melanerpes uropygialis",4110,"Gila Woodpecker","Picidae","Melanerpes","uropygialis","Melanerpes uropygialis",NA,NA,"Melanerpes_uropygialis",NA,2,0.962962962962963
"Melanerpes_aurifrons_22680862.shp","Melanerpes_aurifrons","Melanerpes aurifrons",4100,"Golden-fronted Woodpecker","Picidae","Melanerpes","aurifrons","Melanerpes aurifrons",NA,NA,"Melanerpes_aurifrons",NA,15,0.883720930232558
"Melanerpes_carolinus_22680856.shp","Melanerpes_carolinus","Melanerpes carolinus",4090,"Red-bellied Woodpecker","Picidae","Melanerpes","carolinus","Melanerpes carolinus",NA,NA,"Melanerpes_carolinus",NA,212,0.320512820512821
"Sphyrapicus_thyroideus_22680877.shp","Sphyrapicus_thyroideus","Sphyrapicus thyroideus",4040,"Williamson's Sapsucker","Picidae","Sphyrapicus","thyroideus","Sphyrapicus thyroideus",NA,NA,"Sphyrapicus_thyroideus",NA,14,0.883333333333333
"Sphyrapicus_varius_22680868.shp","Sphyrapicus_varius","Sphyrapicus varius",4020,"Yellow-bellied Sapsucker","Picidae","Sphyrapicus","varius","Sphyrapicus varius",NA,NA,"Sphyrapicus_varius",NA,77,0.870805369127517
"Sphyrapicus_nuchalis_22680871.shp","Sphyrapicus_nuchalis","Sphyrapicus nuchalis",4021,"Red-naped Sapsucker","Picidae","Sphyrapicus","nuchalis","Sphyrapicus nuchalis",NA,NA,"Sphyrapicus_nuchalis",NA,24,0.908396946564885
"Sphyrapicus_ruber_22680874.shp","Sphyrapicus_ruber","Sphyrapicus ruber",4030,"Red-breasted Sapsucker","Picidae","Sphyrapicus","ruber","Sphyrapicus ruber",NA,NA,"Sphyrapicus_ruber",NA,14,0.927083333333333
"Dryobates_scalaris_22681152.shp","Dryobates_scalaris","Dryobates scalaris",3960,"Ladder-backed Woodpecker","Picidae","Picoides","scalaris","Picoides scalaris","Dryobates","Dryobates scalaris","Dryobates_scalaris",NA,32,0.882352941176471
"Dryobates_nuttallii_22681149.shp","Dryobates_nuttallii","Dryobates nuttallii",3970,"Nuttall's Woodpecker","Picidae","Picoides","nuttallii","Picoides nuttallii","Dryobates","Dryobates nuttallii","Dryobates_nuttallii",NA,2,0.888888888888889
"Dryobates_pubescens_22681155.shp","Dryobates_pubescens","Dryobates pubescens",3940,"Downy Woodpecker","Picidae","Picoides","pubescens","Picoides pubescens","Dryobates","Dryobates pubescens","Dryobates_pubescens",NA,688,0.784596117720726
"Leuconotopicus_villosus_22681166.shp","Leuconotopicus_villosus","Leuconotopicus villosus",3930,"Hairy Woodpecker","Picidae","Picoides","villosus","Picoides villosus","Leuconotopicus","Leuconotopicus villosus","Leuconotopicus_villosus",NA,339,0.800470865214832
"Leuconotopicus_arizonae_22729044.shp","Leuconotopicus_arizonae","Leuconotopicus arizonae",3975,"Arizona Woodpecker","Picidae","Picoides","arizonae","Picoides arizonae","Leuconotopicus","Leuconotopicus arizonae","Leuconotopicus_arizonae",NA,2,0.935483870967742
"Leuconotopicus_borealis_22681158.shp","Leuconotopicus_borealis","Leuconotopicus borealis",3950,"Red-cockaded Woodpecker","Picidae","Picoides","borealis","Picoides borealis","Leuconotopicus","Leuconotopicus borealis","Leuconotopicus_borealis",NA,37,0.383333333333333
"Leuconotopicus_albolarvatus_22681169.shp","Leuconotopicus_albolarvatus","Leuconotopicus albolarvatus",3990,"White-headed Woodpecker","Picidae","Picoides","albolarvatus","Picoides albolarvatus","Leuconotopicus","Leuconotopicus albolarvatus","Leuconotopicus_albolarvatus",NA,8,0.851851851851852
"Picoides_arcticus_22681181.shp","Picoides_arcticus","Picoides arcticus",4000,"Black-backed Woodpecker","Picidae","Picoides","arcticus","Picoides arcticus",NA,NA,"Picoides_arcticus",NA,59,0.938284518828452
"Colaptes_auratus_22726404.shp","Colaptes_auratus","Colaptes auratus",4120,"(Yellow-shafted Flicker) Northern Flicker","Picidae","Colaptes","auratus auratus","Colaptes auratus",NA,NA,"Colaptes_auratus",NA,357,0.851063829787234
"Colaptes_auratus_22726404.shp","Colaptes_auratus","Colaptes auratus",4130,"(Red-shafted Flicker) Northern Flicker","Picidae","Colaptes","auratus cafer","Colaptes auratus",NA,NA,"Colaptes_auratus",NA,357,0.851063829787234
"Colaptes_chrysoides_22681290.shp","Colaptes_chrysoides","Colaptes chrysoides",4140,"Gilded Flicker","Picidae","Colaptes","chrysoides","Colaptes chrysoides",NA,NA,"Colaptes_chrysoides",NA,1,0.972222222222222
"Hylatomus_pileatus_22681363.shp","Hylatomus_pileatus","Hylatomus pileatus",4050,"Pileated Woodpecker","Picidae","Dryocopus","pileatus","Dryocopus pileatus","Hylatomus","Hylatomus pileatus","Hylatomus_pileatus",NA,229,0.683264177040111
"Myiopsitta_monachus_45427277.shp","Myiopsitta_monachus","Myiopsitta monachus",3824,"Monk Parakeet","Psittacidae","Myiopsitta","monachus","Myiopsitta monachus",NA,NA,"Myiopsitta_monachus",NA,5,0.990530303030303
"Aratinga_nenday_22685752.shp","Aratinga_nenday","Aratinga nenday",51830,"Nanday Parakeet","Psittacidae","Aratinga","nenday","Aratinga nenday",NA,NA,"Aratinga_nenday",NA,0,1
"Brotogeris_chiriri_22685963.shp","Brotogeris_chiriri","Brotogeris chiriri",52021,"Yellow-chevroned Parakeet","Psittacidae","Brotogeris","chiriri","Brotogeris chiriri",NA,NA,"Brotogeris_chiriri",NA,0,1
"Amazona_viridigenalis_22686259.shp","Amazona_viridigenalis","Amazona viridigenalis",3826,"Red-crowned Parrot","Psittacidae","Amazona","viridigenalis","Amazona viridigenalis",NA,NA,"Amazona_viridigenalis",NA,0,NA
"Psittacula_krameri_22685441.shp","Psittacula_krameri","Psittacula krameri",3823,"Rose-ringed Parakeet","Psittaculidae","Psittacula","krameri","Psittacula krameri",NA,NA,"Psittacula_krameri",NA,0,1
"Melopsittacus_undulatus_22685223.shp","Melopsittacus_undulatus","Melopsittacus undulatus",3822,"Budgerigar","Psittaculidae","Melopsittacus","undulatus","Melopsittacus undulatus",NA,NA,"Melopsittacus_undulatus",NA,0,1
"Camptostoma_imberbe_22699177.shp","Camptostoma_imberbe","Camptostoma imberbe",4720,"Northern Beardless-Tyrannulet","Tyrannidae","Camptostoma","imberbe","Camptostoma imberbe",NA,NA,"Camptostoma_imberbe",NA,0,1
"Contopus_cooperi_22699787.shp","Contopus_cooperi","Contopus cooperi",4590,"Olive-sided Flycatcher","Tyrannidae","Contopus","cooperi","Contopus cooperi",NA,NA,"Contopus_cooperi",NA,104,0.91875
"Contopus_pertinax_22699798.shp","Contopus_pertinax","Contopus pertinax",4600,"Greater Pewee","Tyrannidae","Contopus","pertinax","Contopus pertinax",NA,NA,"Contopus_pertinax",NA,4,0.963302752293578
"Contopus_sordidulus_22699811.shp","Contopus_sordidulus","Contopus sordidulus",4620,"Western Wood-Pewee","Tyrannidae","Contopus","sordidulus","Contopus sordidulus",NA,NA,"Contopus_sordidulus",NA,68,0.917375455650061
"Contopus_virens_22699816.shp","Contopus_virens","Contopus virens",4610,"Eastern Wood-Pewee","Tyrannidae","Contopus","virens","Contopus virens",NA,NA,"Contopus_virens",NA,509,0.416284403669725
"Empidonax_flaviventris_22699839.shp","Empidonax_flaviventris","Empidonax flaviventris",4630,"Yellow-bellied Flycatcher","Tyrannidae","Empidonax","flaviventris","Empidonax flaviventris",NA,NA,"Empidonax_flaviventris",NA,54,0.926330150068213
"Empidonax_virescens_22699842.shp","Empidonax_virescens","Empidonax virescens",4650,"Acadian Flycatcher","Tyrannidae","Empidonax","virescens","Empidonax virescens",NA,NA,"Empidonax_virescens",NA,205,0.321192052980132
"Empidonax_alnorum_22699845.shp","Empidonax_alnorum","Empidonax alnorum",4661,"Alder Flycatcher","Tyrannidae","Empidonax","alnorum","Empidonax alnorum",NA,NA,"Empidonax_alnorum",NA,171,0.913329954384187
"Empidonax_traillii_22699848.shp","Empidonax_traillii","Empidonax traillii",4660,"Willow Flycatcher","Tyrannidae","Empidonax","traillii","Empidonax traillii",NA,NA,"Empidonax_traillii",NA,510,0.67984934086629
"Empidonax_minimus_22699854.shp","Empidonax_minimus","Empidonax minimus",4670,"Least Flycatcher","Tyrannidae","Empidonax","minimus","Empidonax minimus",NA,NA,"Empidonax_minimus",NA,193,0.871590153027279
